,index,year,month,date_time,mean_temp
0,5,1840,MAR,1840-03-01,1.2
1,0,1840,APR,1840-04-01,6.7
2,6,1840,MAY,1840-05-01,12.4
3,4,1840,JUN,1840-06-01,15.8
4,3,1840,JUL,1840-07-01,19.5
5,1,1840,AUG,1840-08-01,19.0
6,9,1840,SEP,1840-09-01,12.6
7,8,1840,OCT,1840-10-01,7.4
8,7,1840,NOV,1840-11-01,2.1
9,2,1840,DEC,1840-12-01,-4.9
10,14,1841,JAN,1841-01-01,-4.5
11,13,1841,FEB,1841-02-01,-5.5
12,17,1841,MAR,1841-03-01,-2.3
13,10,1841,APR,1841-04-01,4.3
14,18,1841,MAY,1841-05-01,11.0
15,16,1841,JUN,1841-06-01,19.4
16,15,1841,JUL,1841-07-01,19.2
17,11,1841,AUG,1841-08-01,18.7
18,21,1841,SEP,1841-09-01,16.1
19,20,1841,OCT,1841-10-01,5.7
20,19,1841,NOV,1841-11-01,1.3
21,12,1841,DEC,1841-12-01,-2.0
22,26,1842,JAN,1842-01-01,-2.9
23,25,1842,FEB,1842-02-01,-2.2
24,29,1842,MAR,1842-03-01,2.7
25,22,1842,APR,1842-04-01,7.0
26,30,1842,MAY,1842-05-01,10.2
27,28,1842,JUN,1842-06-01,14.5
28,27,1842,JUL,1842-07-01,18.6
29,23,1842,AUG,1842-08-01,19.5
30,33,1842,SEP,1842-09-01,13.8
31,32,1842,OCT,1842-10-01,7.8
32,31,1842,NOV,1842-11-01,1.0
33,24,1842,DEC,1842-12-01,-3.8
34,38,1843,JAN,1843-01-01,-2.2
35,37,1843,FEB,1843-02-01,-8.6
36,41,1843,MAR,1843-03-01,-5.8
37,34,1843,APR,1843-04-01,5.1
38,42,1843,MAY,1843-05-01,10.8
39,40,1843,JUN,1843-06-01,14.8
40,39,1843,JUL,1843-07-01,19.0
41,35,1843,AUG,1843-08-01,19.4
42,45,1843,SEP,1843-09-01,16.4
43,44,1843,OCT,1843-10-01,6.4
44,43,1843,NOV,1843-11-01,0.7
45,36,1843,DEC,1843-12-01,-0.7
46,50,1844,JAN,1844-01-01,-6.5
47,49,1844,FEB,1844-02-01,-3.6
48,53,1844,MAR,1844-03-01,0.2
49,46,1844,APR,1844-04-01,9.3
50,54,1844,MAY,1844-05-01,13.2
51,52,1844,JUN,1844-06-01,16.1
52,51,1844,JUL,1844-07-01,19.5
53,47,1844,AUG,1844-08-01,18.4
54,57,1844,SEP,1844-09-01,15.4
55,56,1844,OCT,1844-10-01,6.6
56,55,1844,NOV,1844-11-01,1.9
57,48,1844,DEC,1844-12-01,-2.1
58,62,1845,JAN,1845-01-01,-3.2
59,61,1845,FEB,1845-02-01,-3.5
60,65,1845,MAR,1845-03-01,1.6
61,58,1845,APR,1845-04-01,5.8
62,66,1845,MAY,1845-05-01,10.3
63,64,1845,JUN,1845-06-01,15.9
64,63,1845,JUL,1845-07-01,19.2
65,59,1845,AUG,1845-08-01,19.4
66,69,1845,SEP,1845-09-01,12.8
67,68,1845,OCT,1845-10-01,7.5
68,67,1845,NOV,1845-11-01,2.6
69,60,1845,DEC,1845-12-01,-6.3
70,74,1846,JAN,1846-01-01,-3.8
71,73,1846,FEB,1846-02-01,-7.5
72,77,1846,MAR,1846-03-01,-0.3
73,70,1846,APR,1846-04-01,6.5
74,78,1846,MAY,1846-05-01,13.2
75,76,1846,JUN,1846-06-01,17.3
76,75,1846,JUL,1846-07-01,20.4
77,71,1846,AUG,1846-08-01,19.9
78,81,1846,SEP,1846-09-01,17.3
79,80,1846,OCT,1846-10-01,7.2
80,79,1846,NOV,1846-11-01,5.1
81,72,1846,DEC,1846-12-01,-2.8
82,86,1847,JAN,1847-01-01,-5.4
83,85,1847,FEB,1847-02-01,-5.7
84,89,1847,MAR,1847-03-01,-3.3
85,82,1847,APR,1847-04-01,3.3
86,90,1847,MAY,1847-05-01,11.5
87,88,1847,JUN,1847-06-01,14.5
88,87,1847,JUL,1847-07-01,19.9
89,83,1847,AUG,1847-08-01,17.8
90,93,1847,SEP,1847-09-01,13.0
91,92,1847,OCT,1847-10-01,6.9
92,91,1847,NOV,1847-11-01,3.5
93,84,1847,DEC,1847-12-01,-2.0
94,98,1848,JAN,1848-01-01,-2.7
95,97,1848,FEB,1848-02-01,-2.9
96,101,1848,MAR,1848-03-01,-2.2
97,94,1848,APR,1848-04-01,4.9
98,102,1848,MAY,1848-05-01,12.1
99,100,1848,JUN,1848-06-01,16.4
100,99,1848,JUL,1848-07-01,18.0
101,95,1848,AUG,1848-08-01,19.6
102,105,1848,SEP,1848-09-01,12.2
103,104,1848,OCT,1848-10-01,7.6
104,103,1848,NOV,1848-11-01,0.9
105,96,1848,DEC,1848-12-01,-1.5
106,110,1849,JAN,1849-01-01,-7.4
107,109,1849,FEB,1849-02-01,-7.6
108,113,1849,MAR,1849-03-01,0.4
109,106,1849,APR,1849-04-01,3.3
110,114,1849,MAY,1849-05-01,8.9
111,112,1849,JUN,1849-06-01,16.7
112,111,1849,JUL,1849-07-01,19.3
113,107,1849,AUG,1849-08-01,18.2
114,117,1849,SEP,1849-09-01,14.2
115,116,1849,OCT,1849-10-01,7.7
116,115,1849,NOV,1849-11-01,5.6
117,108,1849,DEC,1849-12-01,-3.6
118,122,1850,JAN,1850-01-01,-1.9
119,121,1850,FEB,1850-02-01,-4.0
120,125,1850,MAR,1850-03-01,-1.7
121,118,1850,APR,1850-04-01,3.3
122,126,1850,MAY,1850-05-01,9.8
123,124,1850,JUN,1850-06-01,17.3
124,123,1850,JUL,1850-07-01,20.8
125,119,1850,AUG,1850-08-01,19.0
126,129,1850,SEP,1850-09-01,12.8
127,128,1850,OCT,1850-10-01,6.5
128,127,1850,NOV,1850-11-01,2.9
129,120,1850,DEC,1850-12-01,-5.6
130,134,1851,JAN,1851-01-01,-4.5
131,133,1851,FEB,1851-02-01,-2.6
132,137,1851,MAR,1851-03-01,0.4
133,130,1851,APR,1851-04-01,5.0
134,138,1851,MAY,1851-05-01,10.7
135,136,1851,JUN,1851-06-01,15.1
136,135,1851,JUL,1851-07-01,18.4
137,131,1851,AUG,1851-08-01,17.3
138,141,1851,SEP,1851-09-01,14.9
139,140,1851,OCT,1851-10-01,8.6
140,139,1851,NOV,1851-11-01,-0.1
141,132,1851,DEC,1851-12-01,-6.3
142,146,1852,JAN,1852-01-01,-8.0
143,145,1852,FEB,1852-02-01,-5.3
144,149,1852,MAR,1852-03-01,-3.5
145,142,1852,APR,1852-04-01,3.1
146,150,1852,MAY,1852-05-01,10.6
147,148,1852,JUN,1852-06-01,15.8
148,147,1852,JUL,1852-07-01,18.8
149,143,1852,AUG,1852-08-01,18.2
150,153,1852,SEP,1852-09-01,13.4
151,152,1852,OCT,1852-10-01,8.8
152,151,1852,NOV,1852-11-01,1.6
153,144,1852,DEC,1852-12-01,-0.2
154,158,1853,JAN,1853-01-01,-5.6
155,157,1853,FEB,1853-02-01,-5.3
156,161,1853,MAR,1853-03-01,-1.5
157,154,1853,APR,1853-04-01,4.9
158,162,1853,MAY,1853-05-01,9.8
159,160,1853,JUN,1853-06-01,17.9
160,159,1853,JUL,1853-07-01,18.5
161,155,1853,AUG,1853-08-01,19.9
162,165,1853,SEP,1853-09-01,14.8
163,164,1853,OCT,1853-10-01,6.2
164,163,1853,NOV,1853-11-01,3.1
165,156,1853,DEC,1853-12-01,-4.3
166,170,1854,JAN,1854-01-01,-5.9
167,169,1854,FEB,1854-02-01,-7.0
168,173,1854,MAR,1854-03-01,-1.3
169,166,1854,APR,1854-04-01,4.1
170,174,1854,MAY,1854-05-01,10.0
171,172,1854,JUN,1854-06-01,16.8
172,171,1854,JUL,1854-07-01,22.0
173,167,1854,AUG,1854-08-01,20.0
174,177,1854,SEP,1854-09-01,16.1
175,176,1854,OCT,1854-10-01,10.1
176,175,1854,NOV,1854-11-01,1.8
177,168,1854,DEC,1854-12-01,-5.6
178,182,1855,JAN,1855-01-01,-3.9
179,181,1855,FEB,1855-02-01,-10.0
180,185,1855,MAR,1855-03-01,-2.2
181,178,1855,APR,1855-04-01,5.9
182,186,1855,MAY,1855-05-01,11.9
183,184,1855,JUN,1855-06-01,15.5
184,183,1855,JUL,1855-07-01,20.2
185,179,1855,AUG,1855-08-01,18.0
186,189,1855,SEP,1855-09-01,15.2
187,188,1855,OCT,1855-10-01,6.5
188,187,1855,NOV,1855-11-01,2.9
189,180,1855,DEC,1855-12-01,-3.4
190,194,1856,JAN,1856-01-01,-9.8
191,193,1856,FEB,1856-02-01,-10.2
192,197,1856,MAR,1856-03-01,-5.7
193,190,1856,APR,1856-04-01,5.6
194,198,1856,MAY,1856-05-01,10.1
195,196,1856,JUN,1856-06-01,16.7
196,195,1856,JUL,1856-07-01,21.0
197,191,1856,AUG,1856-08-01,17.5
198,201,1856,SEP,1856-09-01,13.5
199,200,1856,OCT,1856-10-01,7.0
200,199,1856,NOV,1856-11-01,2.2
201,192,1856,DEC,1856-12-01,-5.5
202,206,1857,JAN,1857-01-01,-12.1
203,205,1857,FEB,1857-02-01,-2.2
204,209,1857,MAR,1857-03-01,-3.1
205,202,1857,APR,1857-04-01,1.9
206,210,1857,MAY,1857-05-01,9.4
207,208,1857,JUN,1857-06-01,14.1
208,207,1857,JUL,1857-07-01,20.1
209,203,1857,AUG,1857-08-01,18.2
210,213,1857,SEP,1857-09-01,14.4
211,212,1857,OCT,1857-10-01,7.1
212,211,1857,NOV,1857-11-01,0.7
213,204,1857,DEC,1857-12-01,-1.1
214,218,1858,JAN,1858-01-01,-1.4
215,217,1858,FEB,1858-02-01,-8.1
216,221,1858,MAR,1858-03-01,-1.4
217,214,1858,APR,1858-04-01,5.2
218,222,1858,MAY,1858-05-01,9.3
219,220,1858,JUN,1858-06-01,18.5
220,219,1858,JUL,1858-07-01,19.9
221,215,1858,AUG,1858-08-01,19.7
222,225,1858,SEP,1858-09-01,15.2
223,224,1858,OCT,1858-10-01,9.9
224,223,1858,NOV,1858-11-01,1.1
225,216,1858,DEC,1858-12-01,-2.6
226,230,1859,JAN,1859-01-01,-4.1
227,229,1859,FEB,1859-02-01,-3.5
228,233,1859,MAR,1859-03-01,2.4
229,226,1859,APR,1859-04-01,4.4
230,234,1859,MAY,1859-05-01,12.9
231,232,1859,JUN,1859-06-01,14.7
232,231,1859,JUL,1859-07-01,19.5
233,227,1859,AUG,1859-08-01,19.6
234,237,1859,SEP,1859-09-01,13.4
235,236,1859,OCT,1859-10-01,6.6
236,235,1859,NOV,1859-11-01,3.6
237,228,1859,DEC,1859-12-01,-7.2
238,242,1860,JAN,1860-01-01,-4.6
239,241,1860,FEB,1860-02-01,-5.3
240,245,1860,MAR,1860-03-01,1.5
241,238,1860,APR,1860-04-01,4.3
242,246,1860,MAY,1860-05-01,13.3
243,244,1860,JUN,1860-06-01,17.8
244,243,1860,JUL,1860-07-01,18.1
245,239,1860,AUG,1860-08-01,18.4
246,249,1860,SEP,1860-09-01,13.0
247,248,1860,OCT,1860-10-01,8.7
248,247,1860,NOV,1860-11-01,3.6
249,240,1860,DEC,1860-12-01,-4.5
250,254,1861,JAN,1861-01-01,-6.9
251,253,1861,FEB,1861-02-01,-3.6
252,257,1861,MAR,1861-03-01,-2.8
253,250,1861,APR,1861-04-01,5.9
254,258,1861,MAY,1861-05-01,8.9
255,256,1861,JUN,1861-06-01,16.1
256,255,1861,JUL,1861-07-01,18.6
257,251,1861,AUG,1861-08-01,19.1
258,261,1861,SEP,1861-09-01,15.1
259,260,1861,OCT,1861-10-01,9.2
260,259,1861,NOV,1861-11-01,3.0
261,252,1861,DEC,1861-12-01,-0.8
262,266,1862,JAN,1862-01-01,-5.9
263,265,1862,FEB,1862-02-01,-5.7
264,269,1862,MAR,1862-03-01,-1.7
265,262,1862,APR,1862-04-01,4.4
266,270,1862,MAY,1862-05-01,11.0
267,268,1862,JUN,1862-06-01,15.6
268,267,1862,JUL,1862-07-01,19.6
269,263,1862,AUG,1862-08-01,19.6
270,273,1862,SEP,1862-09-01,15.8
271,272,1862,OCT,1862-10-01,9.0
272,271,1862,NOV,1862-11-01,2.0
273,264,1862,DEC,1862-12-01,-1.7
274,278,1863,JAN,1863-01-01,-2.1
275,277,1863,FEB,1863-02-01,-5.2
276,281,1863,MAR,1863-03-01,-3.3
277,274,1863,APR,1863-04-01,5.4
278,282,1863,MAY,1863-05-01,12.7
279,280,1863,JUN,1863-06-01,16.0
280,279,1863,JUL,1863-07-01,19.6
281,275,1863,AUG,1863-08-01,19.4
282,285,1863,SEP,1863-09-01,13.2
283,284,1863,OCT,1863-10-01,8.2
284,283,1863,NOV,1863-11-01,4.0
285,276,1863,DEC,1863-12-01,-2.6
286,290,1864,JAN,1864-01-01,-4.8
287,289,1864,FEB,1864-02-01,-3.8
288,293,1864,MAR,1864-03-01,-1.7
289,286,1864,APR,1864-04-01,5.1
290,294,1864,MAY,1864-05-01,12.5
291,292,1864,JUN,1864-06-01,17.2
292,291,1864,JUL,1864-07-01,21.1
293,287,1864,AUG,1864-08-01,20.8
294,297,1864,SEP,1864-09-01,13.6
295,296,1864,OCT,1864-10-01,7.8
296,295,1864,NOV,1864-11-01,2.9
297,288,1864,DEC,1864-12-01,-3.4
298,302,1865,JAN,1865-01-01,-8.1
299,301,1865,FEB,1865-02-01,-5.5
300,305,1865,MAR,1865-03-01,0.2
301,298,1865,APR,1865-04-01,6.0
302,306,1865,MAY,1865-05-01,11.4
303,304,1865,JUN,1865-06-01,18.6
304,303,1865,JUL,1865-07-01,18.3
305,299,1865,AUG,1865-08-01,18.5
306,309,1865,SEP,1865-09-01,18.7
307,308,1865,OCT,1865-10-01,7.4
308,307,1865,NOV,1865-11-01,3.9
309,300,1865,DEC,1865-12-01,-1.7
310,314,1866,JAN,1866-01-01,-7.0
311,313,1866,FEB,1866-02-01,-5.5
312,317,1866,MAR,1866-03-01,-2.6
313,310,1866,APR,1866-04-01,7.0
314,318,1866,MAY,1866-05-01,9.3
315,316,1866,JUN,1866-06-01,15.8
316,315,1866,JUL,1866-07-01,21.2
317,311,1866,AUG,1866-08-01,16.2
318,321,1866,SEP,1866-09-01,13.6
319,320,1866,OCT,1866-10-01,10.4
320,319,1866,NOV,1866-11-01,3.7
321,312,1866,DEC,1866-12-01,-3.5
322,326,1867,JAN,1867-01-01,-8.1
323,325,1867,FEB,1867-02-01,-2.2
324,329,1867,MAR,1867-03-01,-2.5
325,322,1867,APR,1867-04-01,4.9
326,330,1867,MAY,1867-05-01,8.5
327,328,1867,JUN,1867-06-01,18.2
328,327,1867,JUL,1867-07-01,20.1
329,323,1867,AUG,1867-08-01,20.5
330,333,1867,SEP,1867-09-01,15.1
331,332,1867,OCT,1867-10-01,10.4
332,331,1867,NOV,1867-11-01,3.9
333,324,1867,DEC,1867-12-01,-5.3
334,338,1868,JAN,1868-01-01,-7.8
335,337,1868,FEB,1868-02-01,-8.1
336,341,1868,MAR,1868-03-01,-0.3
337,334,1868,APR,1868-04-01,3.4
338,342,1868,MAY,1868-05-01,11.2
339,340,1868,JUN,1868-06-01,16.4
340,339,1868,JUL,1868-07-01,24.4
341,335,1868,AUG,1868-08-01,19.8
342,345,1868,SEP,1868-09-01,14.0
343,344,1868,OCT,1868-10-01,6.2
344,343,1868,NOV,1868-11-01,2.6
345,336,1868,DEC,1868-12-01,-4.9
346,350,1869,JAN,1869-01-01,-2.1
347,349,1869,FEB,1869-02-01,-4.5
348,353,1869,MAR,1869-03-01,-4.7
349,346,1869,APR,1869-04-01,4.6
350,354,1869,MAY,1869-05-01,10.4
351,352,1869,JUN,1869-06-01,14.8
352,351,1869,JUL,1869-07-01,18.6
353,347,1869,AUG,1869-08-01,17.7
354,357,1869,SEP,1869-09-01,16.5
355,356,1869,OCT,1869-10-01,6.1
356,355,1869,NOV,1869-11-01,0.3
357,348,1869,DEC,1869-12-01,-1.6
358,362,1870,JAN,1870-01-01,-3.9
359,361,1870,FEB,1870-02-01,-5.9
360,365,1870,MAR,1870-03-01,-2.9
361,358,1870,APR,1870-04-01,7.3
362,366,1870,MAY,1870-05-01,13.9
363,364,1870,JUN,1870-06-01,19.4
364,363,1870,JUL,1870-07-01,20.5
365,359,1870,AUG,1870-08-01,19.5
366,369,1870,SEP,1870-09-01,16.5
367,368,1870,OCT,1870-10-01,10.5
368,367,1870,NOV,1870-11-01,2.9
369,360,1870,DEC,1870-12-01,-3.2
370,374,1871,JAN,1871-01-01,-6.2
371,373,1871,FEB,1871-02-01,-4.9
372,377,1871,MAR,1871-03-01,1.6
373,370,1871,APR,1871-04-01,6.8
374,378,1871,MAY,1871-05-01,12.0
375,376,1871,JUN,1871-06-01,16.6
376,375,1871,JUL,1871-07-01,18.9
377,371,1871,AUG,1871-08-01,19.9
378,381,1871,SEP,1871-09-01,13.2
379,380,1871,OCT,1871-10-01,9.7
380,379,1871,NOV,1871-11-01,-0.4
381,372,1871,DEC,1871-12-01,-5.4
382,386,1872,JAN,1872-01-01,-6.2
383,385,1872,FEB,1872-02-01,-6.2
384,389,1872,MAR,1872-03-01,-6.1
385,382,1872,APR,1872-04-01,4.8
386,390,1872,MAY,1872-05-01,11.0
387,388,1872,JUN,1872-06-01,17.1
388,387,1872,JUL,1872-07-01,21.2
389,383,1872,AUG,1872-08-01,21.0
390,393,1872,SEP,1872-09-01,15.4
391,392,1872,OCT,1872-10-01,7.6
392,391,1872,NOV,1872-11-01,0.8
393,384,1872,DEC,1872-12-01,-8.2
394,398,1873,JAN,1873-01-01,-8.3
395,397,1873,FEB,1873-02-01,-7.5
396,401,1873,MAR,1873-03-01,-3.3
397,394,1873,APR,1873-04-01,4.2
398,402,1873,MAY,1873-05-01,11.0
399,400,1873,JUN,1873-06-01,17.3
400,399,1873,JUL,1873-07-01,20.0
401,395,1873,AUG,1873-08-01,19.1
402,405,1873,SEP,1873-09-01,13.7
403,404,1873,OCT,1873-10-01,7.6
404,403,1873,NOV,1873-11-01,-2.4
405,396,1873,DEC,1873-12-01,-2.0
406,410,1874,JAN,1874-01-01,-4.3
407,409,1874,FEB,1874-02-01,-5.6
408,413,1874,MAR,1874-03-01,-1.4
409,406,1874,APR,1874-04-01,0.8
410,414,1874,MAY,1874-05-01,11.5
411,412,1874,JUN,1874-06-01,17.1
412,411,1874,JUL,1874-07-01,19.5
413,407,1874,AUG,1874-08-01,19.3
414,417,1874,SEP,1874-09-01,17.4
415,416,1874,OCT,1874-10-01,8.5
416,415,1874,NOV,1874-11-01,1.7
417,408,1874,DEC,1874-12-01,-3.9
418,422,1875,JAN,1875-01-01,-9.2
419,421,1875,FEB,1875-02-01,-12.6
420,425,1875,MAR,1875-03-01,-4.9
421,418,1875,APR,1875-04-01,2.5
422,426,1875,MAY,1875-05-01,10.9
423,424,1875,JUN,1875-06-01,16.1
424,423,1875,JUL,1875-07-01,19.2
425,419,1875,AUG,1875-08-01,18.7
426,429,1875,SEP,1875-09-01,13.3
427,428,1875,OCT,1875-10-01,6.4
428,427,1875,NOV,1875-11-01,-0.1
429,420,1875,DEC,1875-12-01,-2.9
430,434,1876,JAN,1876-01-01,-1.3
431,433,1876,FEB,1876-02-01,-5.0
432,437,1876,MAR,1876-03-01,-3.3
433,430,1876,APR,1876-04-01,3.6
434,438,1876,MAY,1876-05-01,10.7
435,436,1876,JUN,1876-06-01,18.6
436,435,1876,JUL,1876-07-01,20.3
437,431,1876,AUG,1876-08-01,21.2
438,441,1876,SEP,1876-09-01,14.3
439,440,1876,OCT,1876-10-01,5.9
440,439,1876,NOV,1876-11-01,2.9
441,432,1876,DEC,1876-12-01,-8.3
442,446,1877,JAN,1877-01-01,-8.8
443,445,1877,FEB,1877-02-01,-2.0
444,449,1877,MAR,1877-03-01,-3.6
445,442,1877,APR,1877-04-01,6.5
446,450,1877,MAY,1877-05-01,12.0
447,448,1877,JUN,1877-06-01,16.7
448,447,1877,JUL,1877-07-01,21.1
449,443,1877,AUG,1877-08-01,20.9
450,453,1877,SEP,1877-09-01,16.6
451,452,1877,OCT,1877-10-01,9.9
452,451,1877,NOV,1877-11-01,3.0
453,444,1877,DEC,1877-12-01,1.2
454,458,1878,JAN,1878-01-01,-4.5
455,457,1878,FEB,1878-02-01,-3.0
456,461,1878,MAR,1878-03-01,3.2
457,454,1878,APR,1878-04-01,9.7
458,462,1878,MAY,1878-05-01,11.5
459,460,1878,JUN,1878-06-01,17.0
460,459,1878,JUL,1878-07-01,22.4
461,455,1878,AUG,1878-08-01,20.5
462,465,1878,SEP,1878-09-01,16.4
463,464,1878,OCT,1878-10-01,9.6
464,463,1878,NOV,1878-11-01,2.4
465,456,1878,DEC,1878-12-01,-4.2
466,470,1879,JAN,1879-01-01,-7.1
467,469,1879,FEB,1879-02-01,-8.1
468,473,1879,MAR,1879-03-01,-1.8
469,466,1879,APR,1879-04-01,4.2
470,474,1879,MAY,1879-05-01,12.0
471,472,1879,JUN,1879-06-01,16.6
472,471,1879,JUL,1879-07-01,20.5
473,467,1879,AUG,1879-08-01,18.5
474,477,1879,SEP,1879-09-01,13.2
475,476,1879,OCT,1879-10-01,12.7
476,475,1879,NOV,1879-11-01,2.0
477,468,1879,DEC,1879-12-01,-3.3
478,482,1880,JAN,1880-01-01,0.4
479,481,1880,FEB,1880-02-01,-2.6
480,485,1880,MAR,1880-03-01,-1.6
481,478,1880,APR,1880-04-01,5.3
482,486,1880,MAY,1880-05-01,14.7
483,484,1880,JUN,1880-06-01,18.7
484,483,1880,JUL,1880-07-01,19.8
485,479,1880,AUG,1880-08-01,19.3
486,489,1880,SEP,1880-09-01,15.8
487,488,1880,OCT,1880-10-01,7.3
488,487,1880,NOV,1880-11-01,-1.2
489,480,1880,DEC,1880-12-01,-6.1
490,494,1881,JAN,1881-01-01,-9.0
491,493,1881,FEB,1881-02-01,-7.1
492,497,1881,MAR,1881-03-01,-1.1
493,490,1881,APR,1881-04-01,4.3
494,498,1881,MAY,1881-05-01,14.6
495,496,1881,JUN,1881-06-01,15.3
496,495,1881,JUL,1881-07-01,21.5
497,491,1881,AUG,1881-08-01,21.2
498,501,1881,SEP,1881-09-01,20.2
499,500,1881,OCT,1881-10-01,9.9
500,499,1881,NOV,1881-11-01,2.8
501,492,1881,DEC,1881-12-01,1.0
502,506,1882,JAN,1882-01-01,-5.1
503,505,1882,FEB,1882-02-01,-1.0
504,509,1882,MAR,1882-03-01,-0.2
505,502,1882,APR,1882-04-01,4.6
506,510,1882,MAY,1882-05-01,9.5
507,508,1882,JUN,1882-06-01,16.3
508,507,1882,JUL,1882-07-01,19.4
509,503,1882,AUG,1882-08-01,19.8
510,513,1882,SEP,1882-09-01,16.4
511,512,1882,OCT,1882-10-01,10.9
512,511,1882,NOV,1882-11-01,2.0
513,504,1882,DEC,1882-12-01,-3.7
514,518,1883,JAN,1883-01-01,-8.2
515,517,1883,FEB,1883-02-01,-7.0
516,521,1883,MAR,1883-03-01,-5.9
517,514,1883,APR,1883-04-01,3.5
518,522,1883,MAY,1883-05-01,9.6
519,520,1883,JUN,1883-06-01,16.6
520,519,1883,JUL,1883-07-01,18.5
521,515,1883,AUG,1883-08-01,17.6
522,525,1883,SEP,1883-09-01,12.6
523,524,1883,OCT,1883-10-01,7.2
524,523,1883,NOV,1883-11-01,2.8
525,516,1883,DEC,1883-12-01,-3.5
526,530,1884,JAN,1884-01-01,-9.3
527,529,1884,FEB,1884-02-01,-4.9
528,533,1884,MAR,1884-03-01,-2.3
529,526,1884,APR,1884-04-01,5.0
530,534,1884,MAY,1884-05-01,10.6
531,532,1884,JUN,1884-06-01,18.2
532,531,1884,JUL,1884-07-01,17.8
533,527,1884,AUG,1884-08-01,18.5
534,537,1884,SEP,1884-09-01,16.5
535,536,1884,OCT,1884-10-01,9.1
536,535,1884,NOV,1884-11-01,1.1
537,528,1884,DEC,1884-12-01,-3.8
538,542,1885,JAN,1885-01-01,-8.2
539,541,1885,FEB,1885-02-01,-11.9
540,545,1885,MAR,1885-03-01,-8.2
541,538,1885,APR,1885-04-01,2.9
542,546,1885,MAY,1885-05-01,11.0
543,544,1885,JUN,1885-06-01,15.6
544,543,1885,JUL,1885-07-01,19.9
545,539,1885,AUG,1885-08-01,17.3
546,549,1885,SEP,1885-09-01,13.8
547,548,1885,OCT,1885-10-01,7.6
548,547,1885,NOV,1885-11-01,3.5
549,540,1885,DEC,1885-12-01,-2.6
550,554,1886,JAN,1886-01-01,-7.4
551,553,1886,FEB,1886-02-01,-7.7
552,557,1886,MAR,1886-03-01,-1.2
553,550,1886,APR,1886-04-01,7.2
554,558,1886,MAY,1886-05-01,11.7
555,556,1886,JUN,1886-06-01,16.2
556,555,1886,JUL,1886-07-01,19.0
557,551,1886,AUG,1886-08-01,18.7
558,561,1886,SEP,1886-09-01,14.9
559,560,1886,OCT,1886-10-01,9.1
560,559,1886,NOV,1886-11-01,2.0
561,552,1886,DEC,1886-12-01,-6.2
562,566,1887,JAN,1887-01-01,-8.0
563,565,1887,FEB,1887-02-01,-5.9
564,569,1887,MAR,1887-03-01,-4.1
565,562,1887,APR,1887-04-01,4.2
566,570,1887,MAY,1887-05-01,14.6
567,568,1887,JUN,1887-06-01,17.5
568,567,1887,JUL,1887-07-01,22.9
569,563,1887,AUG,1887-08-01,19.0
570,573,1887,SEP,1887-09-01,13.6
571,572,1887,OCT,1887-10-01,6.6
572,571,1887,NOV,1887-11-01,1.6
573,564,1887,DEC,1887-12-01,-2.3
574,578,1888,JAN,1888-01-01,-9.6
575,577,1888,FEB,1888-02-01,-6.0
576,581,1888,MAR,1888-03-01,-5.4
577,574,1888,APR,1888-04-01,4.0
578,582,1888,MAY,1888-05-01,10.6
579,580,1888,JUN,1888-06-01,18.1
580,579,1888,JUL,1888-07-01,19.0
581,575,1888,AUG,1888-08-01,19.1
582,585,1888,SEP,1888-09-01,13.7
583,584,1888,OCT,1888-10-01,6.3
584,583,1888,NOV,1888-11-01,3.1
585,576,1888,DEC,1888-12-01,-1.5
586,590,1889,JAN,1889-01-01,-2.5
587,589,1889,FEB,1889-02-01,-8.3
588,593,1889,MAR,1889-03-01,0.5
589,586,1889,APR,1889-04-01,6.3
590,594,1889,MAY,1889-05-01,12.2
591,592,1889,JUN,1889-06-01,15.8
592,591,1889,JUL,1889-07-01,20.6
593,587,1889,AUG,1889-08-01,18.7
594,597,1889,SEP,1889-09-01,15.7
595,596,1889,OCT,1889-10-01,6.0
596,595,1889,NOV,1889-11-01,3.7
597,588,1889,DEC,1889-12-01,1.2
598,602,1890,JAN,1890-01-01,-1.4
599,601,1890,FEB,1890-02-01,-2.4
600,605,1890,MAR,1890-03-01,-2.3
601,598,1890,APR,1890-04-01,5.7
602,606,1890,MAY,1890-05-01,10.1
603,604,1890,JUN,1890-06-01,18.7
604,603,1890,JUL,1890-07-01,19.8
605,599,1890,AUG,1890-08-01,18.1
606,609,1890,SEP,1890-09-01,14.2
607,608,1890,OCT,1890-10-01,9.2
608,607,1890,NOV,1890-11-01,2.8
609,600,1890,DEC,1890-12-01,-5.3
610,614,1891,JAN,1891-01-01,-4.9
611,613,1891,FEB,1891-02-01,-2.4
612,617,1891,MAR,1891-03-01,-1.9
613,610,1891,APR,1891-04-01,6.4
614,618,1891,MAY,1891-05-01,10.8
615,616,1891,JUN,1891-06-01,18.0
616,615,1891,JUL,1891-07-01,17.9
617,611,1891,AUG,1891-08-01,18.9
618,621,1891,SEP,1891-09-01,17.3
619,620,1891,OCT,1891-10-01,8.7
620,619,1891,NOV,1891-11-01,2.6
621,612,1891,DEC,1891-12-01,0.8
622,626,1892,JAN,1892-01-01,-7.0
623,625,1892,FEB,1892-02-01,-4.4
624,629,1892,MAR,1892-03-01,-2.3
625,622,1892,APR,1892-04-01,5.3
626,630,1892,MAY,1892-05-01,10.9
627,628,1892,JUN,1892-06-01,18.6
628,627,1892,JUL,1892-07-01,20.1
629,623,1892,AUG,1892-08-01,19.8
630,633,1892,SEP,1892-09-01,15.7
631,632,1892,OCT,1892-10-01,8.7
632,631,1892,NOV,1892-11-01,1.7
633,624,1892,DEC,1892-12-01,-3.6
634,638,1893,JAN,1893-01-01,-10.0
635,637,1893,FEB,1893-02-01,-7.6
636,641,1893,MAR,1893-03-01,-1.7
637,634,1893,APR,1893-04-01,4.4
638,642,1893,MAY,1893-05-01,11.1
639,640,1893,JUN,1893-06-01,19.3
640,639,1893,JUL,1893-07-01,20.2
641,635,1893,AUG,1893-08-01,19.3
642,645,1893,SEP,1893-09-01,14.1
643,644,1893,OCT,1893-10-01,9.2
644,643,1893,NOV,1893-11-01,2.9
645,636,1893,DEC,1893-12-01,-4.7
646,650,1894,JAN,1894-01-01,-2.1
647,649,1894,FEB,1894-02-01,-6.5
648,653,1894,MAR,1894-03-01,2.1
649,646,1894,APR,1894-04-01,6.9
650,654,1894,MAY,1894-05-01,11.3
651,652,1894,JUN,1894-06-01,19.3
652,651,1894,JUL,1894-07-01,20.6
653,647,1894,AUG,1894-08-01,18.6
654,657,1894,SEP,1894-09-01,17.1
655,656,1894,OCT,1894-10-01,10.2
656,655,1894,NOV,1894-11-01,1.2
657,648,1894,DEC,1894-12-01,-0.4
658,662,1895,JAN,1895-01-01,-6.1
659,661,1895,FEB,1895-02-01,-8.7
660,665,1895,MAR,1895-03-01,-4.4
661,658,1895,APR,1895-04-01,6.3
662,666,1895,MAY,1895-05-01,13.0
663,664,1895,JUN,1895-06-01,19.9
664,663,1895,JUL,1895-07-01,19.1
665,659,1895,AUG,1895-08-01,18.8
666,669,1895,SEP,1895-09-01,16.0
667,668,1895,OCT,1895-10-01,6.1
668,667,1895,NOV,1895-11-01,2.8
669,660,1895,DEC,1895-12-01,-1.3
670,674,1896,JAN,1896-01-01,-5.8
671,673,1896,FEB,1896-02-01,-5.5
672,677,1896,MAR,1896-03-01,-4.9
673,670,1896,APR,1896-04-01,8.0
674,678,1896,MAY,1896-05-01,15.7
675,676,1896,JUN,1896-06-01,18.1
676,675,1896,JUL,1896-07-01,20.8
677,671,1896,AUG,1896-08-01,19.8
678,681,1896,SEP,1896-09-01,14.1
679,680,1896,OCT,1896-10-01,7.2
680,679,1896,NOV,1896-11-01,4.3
681,672,1896,DEC,1896-12-01,-2.4
682,686,1897,JAN,1897-01-01,-5.1
683,685,1897,FEB,1897-02-01,-4.1
684,689,1897,MAR,1897-03-01,-0.2
685,682,1897,APR,1897-04-01,6.3
686,690,1897,MAY,1897-05-01,11.6
687,688,1897,JUN,1897-06-01,16.4
688,687,1897,JUL,1897-07-01,22.5
689,683,1897,AUG,1897-08-01,18.6
690,693,1897,SEP,1897-09-01,16.3
691,692,1897,OCT,1897-10-01,10.6
692,691,1897,NOV,1897-11-01,3.7
693,684,1897,DEC,1897-12-01,-2.2
694,698,1898,JAN,1898-01-01,-3.8
695,697,1898,FEB,1898-02-01,-4.2
696,701,1898,MAR,1898-03-01,2.8
697,694,1898,APR,1898-04-01,6.5
698,702,1898,MAY,1898-05-01,13.3
699,700,1898,JUN,1898-06-01,18.8
700,699,1898,JUL,1898-07-01,21.7
701,695,1898,AUG,1898-08-01,21.4
702,705,1898,SEP,1898-09-01,17.8
703,704,1898,OCT,1898-10-01,10.3
704,703,1898,NOV,1898-11-01,2.0
705,696,1898,DEC,1898-12-01,-3.1
706,710,1899,JAN,1899-01-01,-5.0
707,709,1899,FEB,1899-02-01,-7.1
708,713,1899,MAR,1899-03-01,-2.1
709,706,1899,APR,1899-04-01,7.1
710,714,1899,MAY,1899-05-01,13.0
711,712,1899,JUN,1899-06-01,18.6
712,711,1899,JUL,1899-07-01,20.5
713,707,1899,AUG,1899-08-01,21.1
714,717,1899,SEP,1899-09-01,14.0
715,716,1899,OCT,1899-10-01,10.5
716,715,1899,NOV,1899-11-01,4.7
717,708,1899,DEC,1899-12-01,-1.8
718,722,1900,JAN,1900-01-01,-3.4
719,721,1900,FEB,1900-02-01,-6.7
720,725,1900,MAR,1900-03-01,-4.8
721,718,1900,APR,1900-04-01,7.5
722,726,1900,MAY,1900-05-01,12.9
723,724,1900,JUN,1900-06-01,18.4
724,723,1900,JUL,1900-07-01,20.6
725,719,1900,AUG,1900-08-01,22.5
726,729,1900,SEP,1900-09-01,17.9
727,728,1900,OCT,1900-10-01,13.4
728,727,1900,NOV,1900-11-01,3.7
729,720,1900,DEC,1900-12-01,-1.7
730,734,1901,JAN,1901-01-01,-4.7
731,733,1901,FEB,1901-02-01,-8.5
732,737,1901,MAR,1901-03-01,-1.2
733,730,1901,APR,1901-04-01,8.0
734,738,1901,MAY,1901-05-01,12.5
735,736,1901,JUN,1901-06-01,18.5
736,735,1901,JUL,1901-07-01,22.9
737,731,1901,AUG,1901-08-01,20.7
738,741,1901,SEP,1901-09-01,16.6
739,740,1901,OCT,1901-10-01,9.4
740,739,1901,NOV,1901-11-01,1.4
741,732,1901,DEC,1901-12-01,-3.0
742,746,1902,JAN,1902-01-01,-4.8
743,745,1902,FEB,1902-02-01,-6.0
744,749,1902,MAR,1902-03-01,3.1
745,742,1902,APR,1902-04-01,6.7
746,750,1902,MAY,1902-05-01,11.9
747,748,1902,JUN,1902-06-01,15.6
748,747,1902,JUL,1902-07-01,20.5
749,743,1902,AUG,1902-08-01,18.6
750,753,1902,SEP,1902-09-01,15.7
751,752,1902,OCT,1902-10-01,9.3
752,751,1902,NOV,1902-11-01,6.1
753,744,1902,DEC,1902-12-01,-4.2
754,758,1903,JAN,1903-01-01,-5.0
755,757,1903,FEB,1903-02-01,-3.5
756,761,1903,MAR,1903-03-01,4.3
757,754,1903,APR,1903-04-01,6.6
758,762,1903,MAY,1903-05-01,13.3
759,760,1903,JUN,1903-06-01,16.6
760,759,1903,JUL,1903-07-01,20.7
761,755,1903,AUG,1903-08-01,17.7
762,765,1903,SEP,1903-09-01,16.2
763,764,1903,OCT,1903-10-01,10.5
764,763,1903,NOV,1903-11-01,1.7
765,756,1903,DEC,1903-12-01,-5.1
766,770,1904,JAN,1904-01-01,-8.9
767,769,1904,FEB,1904-02-01,-10.4
768,773,1904,MAR,1904-03-01,-1.9
769,766,1904,APR,1904-04-01,4.0
770,774,1904,MAY,1904-05-01,13.2
771,772,1904,JUN,1904-06-01,17.3
772,771,1904,JUL,1904-07-01,19.7
773,767,1904,AUG,1904-08-01,18.3
774,777,1904,SEP,1904-09-01,14.8
775,776,1904,OCT,1904-10-01,7.8
776,775,1904,NOV,1904-11-01,2.2
777,768,1904,DEC,1904-12-01,-5.4
778,782,1905,JAN,1905-01-01,-7.8
779,781,1905,FEB,1905-02-01,-8.6
780,785,1905,MAR,1905-03-01,-0.8
781,778,1905,APR,1905-04-01,5.7
782,786,1905,MAY,1905-05-01,11.5
783,784,1905,JUN,1905-06-01,17.6
784,783,1905,JUL,1905-07-01,21.0
785,779,1905,AUG,1905-08-01,19.7
786,789,1905,SEP,1905-09-01,16.8
787,788,1905,OCT,1905-10-01,9.4
788,787,1905,NOV,1905-11-01,2.7
789,780,1905,DEC,1905-12-01,-0.4
790,794,1906,JAN,1906-01-01,-0.6
791,793,1906,FEB,1906-02-01,-5.4
792,797,1906,MAR,1906-03-01,-2.8
793,790,1906,APR,1906-04-01,7.1
794,798,1906,MAY,1906-05-01,12.4
795,796,1906,JUN,1906-06-01,18.7
796,795,1906,JUL,1906-07-01,21.2
797,791,1906,AUG,1906-08-01,22.1
798,801,1906,SEP,1906-09-01,18.3
799,800,1906,OCT,1906-10-01,9.6
800,799,1906,NOV,1906-11-01,3.0
801,792,1906,DEC,1906-12-01,-4.9
802,806,1907,JAN,1907-01-01,-5.5
803,805,1907,FEB,1907-02-01,-7.5
804,809,1907,MAR,1907-03-01,1.0
805,802,1907,APR,1907-04-01,3.6
806,810,1907,MAY,1907-05-01,9.0
807,808,1907,JUN,1907-06-01,17.7
808,807,1907,JUL,1907-07-01,20.7
809,803,1907,AUG,1907-08-01,18.5
810,813,1907,SEP,1907-09-01,16.5
811,812,1907,OCT,1907-10-01,7.2
812,811,1907,NOV,1907-11-01,2.8
813,804,1907,DEC,1907-12-01,-1.4
814,818,1908,JAN,1908-01-01,-4.3
815,817,1908,FEB,1908-02-01,-7.1
816,821,1908,MAR,1908-03-01,-0.3
817,814,1908,APR,1908-04-01,5.5
818,822,1908,MAY,1908-05-01,13.5
819,820,1908,JUN,1908-06-01,19.0
820,819,1908,JUL,1908-07-01,21.6
821,815,1908,AUG,1908-08-01,19.4
822,825,1908,SEP,1908-09-01,17.7
823,824,1908,OCT,1908-10-01,10.8
824,823,1908,NOV,1908-11-01,4.3
825,816,1908,DEC,1908-12-01,-1.6
826,830,1909,JAN,1909-01-01,-3.2
827,829,1909,FEB,1909-02-01,-3.0
828,833,1909,MAR,1909-03-01,-1.1
829,826,1909,APR,1909-04-01,5.0
830,834,1909,MAY,1909-05-01,12.1
831,832,1909,JUN,1909-06-01,18.6
832,831,1909,JUL,1909-07-01,19.9
833,827,1909,AUG,1909-08-01,20.7
834,837,1909,SEP,1909-09-01,15.7
835,836,1909,OCT,1909-10-01,7.9
836,835,1909,NOV,1909-11-01,4.8
837,828,1909,DEC,1909-12-01,-3.3
838,842,1910,JAN,1910-01-01,-3.7
839,841,1910,FEB,1910-02-01,-6.1
840,845,1910,MAR,1910-03-01,3.8
841,838,1910,APR,1910-04-01,8.3
842,846,1910,MAY,1910-05-01,11.5
843,844,1910,JUN,1910-06-01,18.2
844,843,1910,JUL,1910-07-01,21.8
845,839,1910,AUG,1910-08-01,19.8
846,849,1910,SEP,1910-09-01,15.6
847,848,1910,OCT,1910-10-01,10.7
848,847,1910,NOV,1910-11-01,2.3
849,840,1910,DEC,1910-12-01,-6.0
850,854,1911,JAN,1911-01-01,-3.4
851,853,1911,FEB,1911-02-01,-3.6
852,857,1911,MAR,1911-03-01,-1.1
853,850,1911,APR,1911-04-01,6.3
854,858,1911,MAY,1911-05-01,16.3
855,856,1911,JUN,1911-06-01,18.7
856,855,1911,JUL,1911-07-01,22.0
857,851,1911,AUG,1911-08-01,20.8
858,861,1911,SEP,1911-09-01,15.9
859,860,1911,OCT,1911-10-01,9.8
860,859,1911,NOV,1911-11-01,2.2
861,852,1911,DEC,1911-12-01,1.1
862,866,1912,JAN,1912-01-01,-10.1
863,865,1912,FEB,1912-02-01,-7.3
864,869,1912,MAR,1912-03-01,-3.5
865,862,1912,APR,1912-04-01,5.5
866,870,1912,MAY,1912-05-01,13.0
867,868,1912,JUN,1912-06-01,16.8
868,867,1912,JUL,1912-07-01,21.0
869,863,1912,AUG,1912-08-01,17.8
870,873,1912,SEP,1912-09-01,17.1
871,872,1912,OCT,1912-10-01,10.4
872,871,1912,NOV,1912-11-01,4.7
873,864,1912,DEC,1912-12-01,0.4
874,878,1913,JAN,1913-01-01,-0.3
875,877,1913,FEB,1913-02-01,-6.5
876,881,1913,MAR,1913-03-01,0.8
877,874,1913,APR,1913-04-01,7.9
878,882,1913,MAY,1913-05-01,12.4
879,880,1913,JUN,1913-06-01,18.2
880,879,1913,JUL,1913-07-01,21.3
881,875,1913,AUG,1913-08-01,20.4
882,885,1913,SEP,1913-09-01,15.3
883,884,1913,OCT,1913-10-01,10.9
884,883,1913,NOV,1913-11-01,5.7
885,876,1913,DEC,1913-12-01,0.8
886,890,1914,JAN,1914-01-01,-3.6
887,889,1914,FEB,1914-02-01,-9.1
888,893,1914,MAR,1914-03-01,-0.8
889,886,1914,APR,1914-04-01,5.3
890,894,1914,MAY,1914-05-01,14.8
891,892,1914,JUN,1914-06-01,18.0
892,891,1914,JUL,1914-07-01,21.4
893,887,1914,AUG,1914-08-01,20.1
894,897,1914,SEP,1914-09-01,16.2
895,896,1914,OCT,1914-10-01,11.6
896,895,1914,NOV,1914-11-01,3.4
897,888,1914,DEC,1914-12-01,-3.5
898,902,1915,JAN,1915-01-01,-4.7
899,901,1915,FEB,1915-02-01,-3.3
900,905,1915,MAR,1915-03-01,-1.1
901,898,1915,APR,1915-04-01,10.0
902,906,1915,MAY,1915-05-01,11.2
903,904,1915,JUN,1915-06-01,16.9
904,903,1915,JUL,1915-07-01,20.3
905,899,1915,AUG,1915-08-01,19.1
906,909,1915,SEP,1915-09-01,17.5
907,908,1915,OCT,1915-10-01,11.1
908,907,1915,NOV,1915-11-01,4.9
909,900,1915,DEC,1915-12-01,-2.4
910,914,1916,JAN,1916-01-01,-1.0
911,913,1916,FEB,1916-02-01,-7.3
912,917,1916,MAR,1916-03-01,-3.7
913,910,1916,APR,1916-04-01,7.0
914,918,1916,MAY,1916-05-01,12.4
915,916,1916,JUN,1916-06-01,15.7
916,915,1916,JUL,1916-07-01,24.5
917,911,1916,AUG,1916-08-01,22.3
918,921,1916,SEP,1916-09-01,16.2
919,920,1916,OCT,1916-10-01,9.8
920,919,1916,NOV,1916-11-01,3.2
921,912,1916,DEC,1916-12-01,-2.8
922,926,1917,JAN,1917-01-01,-5.2
923,925,1917,FEB,1917-02-01,-8.3
924,929,1917,MAR,1917-03-01,0.1
925,922,1917,APR,1917-04-01,5.1
926,930,1917,MAY,1917-05-01,9.7
927,928,1917,JUN,1917-06-01,16.1
928,927,1917,JUL,1917-07-01,21.4
929,923,1917,AUG,1917-08-01,19.9
930,933,1917,SEP,1917-09-01,14.8
931,932,1917,OCT,1917-10-01,7.0
932,931,1917,NOV,1917-11-01,1.4
933,924,1917,DEC,1917-12-01,-6.9
934,938,1918,JAN,1918-01-01,-10.4
935,937,1918,FEB,1918-02-01,-6.0
936,941,1918,MAR,1918-03-01,0.9
937,934,1918,APR,1918-04-01,6.5
938,942,1918,MAY,1918-05-01,14.0
939,940,1918,JUN,1918-06-01,16.4
940,939,1918,JUL,1918-07-01,20.9
941,935,1918,AUG,1918-08-01,21.7
942,945,1918,SEP,1918-09-01,13.6
943,944,1918,OCT,1918-10-01,10.8
944,943,1918,NOV,1918-11-01,5.6
945,936,1918,DEC,1918-12-01,-0.4
946,950,1919,JAN,1919-01-01,-1.5
947,949,1919,FEB,1919-02-01,-2.1
948,953,1919,MAR,1919-03-01,1.0
949,946,1919,APR,1919-04-01,5.9
950,954,1919,MAY,1919-05-01,13.0
951,952,1919,JUN,1919-06-01,22.5
952,951,1919,JUL,1919-07-01,22.9
953,947,1919,AUG,1919-08-01,20.0
954,957,1919,SEP,1919-09-01,17.5
955,956,1919,OCT,1919-10-01,11.7
956,955,1919,NOV,1919-11-01,3.5
957,948,1919,DEC,1919-12-01,-5.2
958,962,1920,JAN,1920-01-01,-10.6
959,961,1920,FEB,1920-02-01,-6.6
960,965,1920,MAR,1920-03-01,1.0
961,958,1920,APR,1920-04-01,4.6
962,966,1920,MAY,1920-05-01,12.5
963,964,1920,JUN,1920-06-01,18.8
964,963,1920,JUL,1920-07-01,19.2
965,959,1920,AUG,1920-08-01,21.1
966,969,1920,SEP,1920-09-01,17.7
967,968,1920,OCT,1920-10-01,12.8
968,967,1920,NOV,1920-11-01,2.7
969,960,1920,DEC,1920-12-01,-0.3
970,974,1921,JAN,1921-01-01,-2.3
971,973,1921,FEB,1921-02-01,-2.0
972,977,1921,MAR,1921-03-01,3.7
973,970,1921,APR,1921-04-01,9.6
974,978,1921,MAY,1921-05-01,14.6
975,976,1921,JUN,1921-06-01,20.4
976,975,1921,JUL,1921-07-01,25.5
977,971,1921,AUG,1921-08-01,20.1
978,981,1921,SEP,1921-09-01,19.9
979,980,1921,OCT,1921-10-01,10.2
980,979,1921,NOV,1921-11-01,2.4
981,972,1921,DEC,1921-12-01,-2.0
982,986,1922,JAN,1922-01-01,-4.8
983,985,1922,FEB,1922-02-01,-3.1
984,989,1922,MAR,1922-03-01,1.3
985,982,1922,APR,1922-04-01,7.5
986,990,1922,MAY,1922-05-01,15.4
987,988,1922,JUN,1922-06-01,19.3
988,987,1922,JUL,1922-07-01,20.9
989,983,1922,AUG,1922-08-01,20.6
990,993,1922,SEP,1922-09-01,17.6
991,992,1922,OCT,1922-10-01,9.9
992,991,1922,NOV,1922-11-01,4.9
993,984,1922,DEC,1922-12-01,-2.0
994,998,1923,JAN,1923-01-01,-5.7
995,997,1923,FEB,1923-02-01,-7.3
996,1001,1923,MAR,1923-03-01,-2.7
997,994,1923,APR,1923-04-01,5.8
998,1002,1923,MAY,1923-05-01,11.0
999,1000,1923,JUN,1923-06-01,19.2
1000,999,1923,JUL,1923-07-01,20.6
1001,995,1923,AUG,1923-08-01,18.8
1002,1005,1923,SEP,1923-09-01,16.0
1003,1004,1923,OCT,1923-10-01,9.4
1004,1003,1923,NOV,1923-11-01,3.9
1005,996,1923,DEC,1923-12-01,2.3
1006,1010,1924,JAN,1924-01-01,-4.8
1007,1009,1924,FEB,1924-02-01,-6.5
1008,1013,1924,MAR,1924-03-01,-0.2
1009,1006,1924,APR,1924-04-01,6.0
1010,1014,1924,MAY,1924-05-01,10.1
1011,1012,1924,JUN,1924-06-01,17.2
1012,1011,1924,JUL,1924-07-01,19.6
1013,1007,1924,AUG,1924-08-01,19.4
1014,1017,1924,SEP,1924-09-01,13.9
1015,1016,1924,OCT,1924-10-01,10.3
1016,1015,1924,NOV,1924-11-01,3.9
1017,1008,1924,DEC,1924-12-01,-4.5
1018,1022,1925,JAN,1925-01-01,-6.5
1019,1021,1925,FEB,1925-02-01,-2.6
1020,1025,1925,MAR,1925-03-01,1.7
1021,1018,1925,APR,1925-04-01,7.4
1022,1026,1925,MAY,1925-05-01,10.5
1023,1024,1925,JUN,1925-06-01,19.3
1024,1023,1925,JUL,1925-07-01,19.8
1025,1019,1925,AUG,1925-08-01,20.5
1026,1029,1925,SEP,1925-09-01,16.5
1027,1028,1925,OCT,1925-10-01,5.8
1028,1027,1925,NOV,1925-11-01,3.2
1029,1020,1925,DEC,1925-12-01,-3.1
1030,1034,1926,JAN,1926-01-01,-4.1
1031,1033,1926,FEB,1926-02-01,-6.1
1032,1037,1926,MAR,1926-03-01,-3.3
1033,1030,1926,APR,1926-04-01,3.0
1034,1038,1926,MAY,1926-05-01,11.6
1035,1036,1926,JUN,1926-06-01,15.4
1036,1035,1926,JUL,1926-07-01,19.9
1037,1031,1926,AUG,1926-08-01,20.3
1038,1041,1926,SEP,1926-09-01,15.1
1039,1040,1926,OCT,1926-10-01,8.4
1040,1039,1926,NOV,1926-11-01,3.1
1041,1032,1926,DEC,1926-12-01,-4.5
1042,1046,1927,JAN,1927-01-01,-6.0
1043,1045,1927,FEB,1927-02-01,-2.8
1044,1049,1927,MAR,1927-03-01,1.8
1045,1042,1927,APR,1927-04-01,6.4
1046,1050,1927,MAY,1927-05-01,11.5
1047,1048,1927,JUN,1927-06-01,16.5
1048,1047,1927,JUL,1927-07-01,20.5
1049,1043,1927,AUG,1927-08-01,18.2
1050,1053,1927,SEP,1927-09-01,17.5
1051,1052,1927,OCT,1927-10-01,11.7
1052,1051,1927,NOV,1927-11-01,5.0
1053,1044,1927,DEC,1927-12-01,-1.6
1054,1058,1928,JAN,1928-01-01,-3.8
1055,1057,1928,FEB,1928-02-01,-4.4
1056,1061,1928,MAR,1928-03-01,-0.8
1057,1054,1928,APR,1928-04-01,5.4
1058,1062,1928,MAY,1928-05-01,12.3
1059,1060,1928,JUN,1928-06-01,16.4
1060,1059,1928,JUL,1928-07-01,21.1
1061,1055,1928,AUG,1928-08-01,21.5
1062,1065,1928,SEP,1928-09-01,14.3
1063,1064,1928,OCT,1928-10-01,10.5
1064,1063,1928,NOV,1928-11-01,4.3
1065,1056,1928,DEC,1928-12-01,0.5
1066,1070,1929,JAN,1929-01-01,-5.0
1067,1069,1929,FEB,1929-02-01,-5.6
1068,1073,1929,MAR,1929-03-01,2.7
1069,1066,1929,APR,1929-04-01,7.6
1070,1074,1929,MAY,1929-05-01,11.7
1071,1072,1929,JUN,1929-06-01,17.7
1072,1071,1929,JUL,1929-07-01,20.4
1073,1067,1929,AUG,1929-08-01,18.6
1074,1077,1929,SEP,1929-09-01,16.8
1075,1076,1929,OCT,1929-10-01,9.2
1076,1075,1929,NOV,1929-11-01,3.3
1077,1068,1929,DEC,1929-12-01,-3.7
1078,1082,1930,JAN,1930-01-01,-5.2
1079,1081,1930,FEB,1930-02-01,-2.9
1080,1085,1930,MAR,1930-03-01,-0.6
1081,1078,1930,APR,1930-04-01,6.1
1082,1086,1930,MAY,1930-05-01,14.2
1083,1084,1930,JUN,1930-06-01,19.4
1084,1083,1930,JUL,1930-07-01,21.2
1085,1079,1930,AUG,1930-08-01,20.7
1086,1089,1930,SEP,1930-09-01,17.4
1087,1088,1930,OCT,1930-10-01,9.5
1088,1087,1930,NOV,1930-11-01,5.0
1089,1080,1930,DEC,1930-12-01,-1.8
1090,1094,1931,JAN,1931-01-01,-4.0
1091,1093,1931,FEB,1931-02-01,-3.0
1092,1097,1931,MAR,1931-03-01,0.8
1093,1090,1931,APR,1931-04-01,7.1
1094,1098,1931,MAY,1931-05-01,13.3
1095,1096,1931,JUN,1931-06-01,18.9
1096,1095,1931,JUL,1931-07-01,23.1
1097,1091,1931,AUG,1931-08-01,20.8
1098,1101,1931,SEP,1931-09-01,18.9
1099,1100,1931,OCT,1931-10-01,11.8
1100,1099,1931,NOV,1931-11-01,7.7
1101,1092,1931,DEC,1931-12-01,0.8
1102,1106,1932,JAN,1932-01-01,1.9
1103,1105,1932,FEB,1932-02-01,-1.3
1104,1109,1932,MAR,1932-03-01,-1.6
1105,1102,1932,APR,1932-04-01,5.0
1106,1110,1932,MAY,1932-05-01,12.9
1107,1108,1932,JUN,1932-06-01,19.2
1108,1107,1932,JUL,1932-07-01,19.9
1109,1103,1932,AUG,1932-08-01,21.0
1110,1113,1932,SEP,1932-09-01,16.7
1111,1112,1932,OCT,1932-10-01,10.8
1112,1111,1932,NOV,1932-11-01,2.1
1113,1104,1932,DEC,1932-12-01,-0.9
1114,1118,1933,JAN,1933-01-01,0.9
1115,1117,1933,FEB,1933-02-01,-3.3
1116,1121,1933,MAR,1933-03-01,-0.2
1117,1114,1933,APR,1933-04-01,7.3
1118,1122,1933,MAY,1933-05-01,14.2
1119,1120,1933,JUN,1933-06-01,19.8
1120,1119,1933,JUL,1933-07-01,22.8
1121,1115,1933,AUG,1933-08-01,20.7
1122,1125,1933,SEP,1933-09-01,17.1
1123,1124,1933,OCT,1933-10-01,8.9
1124,1123,1933,NOV,1933-11-01,-0.2
1125,1116,1933,DEC,1933-12-01,-4.3
1126,1130,1934,JAN,1934-01-01,-3.5
1127,1129,1934,FEB,1934-02-01,-12.1
1128,1133,1934,MAR,1934-03-01,-2.2
1129,1126,1934,APR,1934-04-01,5.6
1130,1134,1934,MAY,1934-05-01,14.3
1131,1132,1934,JUN,1934-06-01,20.0
1132,1131,1934,JUL,1934-07-01,22.0
1133,1127,1934,AUG,1934-08-01,18.7
1134,1137,1934,SEP,1934-09-01,17.2
1135,1136,1934,OCT,1934-10-01,9.3
1136,1135,1934,NOV,1934-11-01,5.7
1137,1128,1934,DEC,1934-12-01,-3.6
1138,1142,1935,JAN,1935-01-01,-6.3
1139,1141,1935,FEB,1935-02-01,-5.4
1140,1145,1935,MAR,1935-03-01,2.0
1141,1138,1935,APR,1935-04-01,6.5
1142,1146,1935,MAY,1935-05-01,11.2
1143,1144,1935,JUN,1935-06-01,17.7
1144,1143,1935,JUL,1935-07-01,23.3
1145,1139,1935,AUG,1935-08-01,21.1
1146,1149,1935,SEP,1935-09-01,14.9
1147,1148,1935,OCT,1935-10-01,10.2
1148,1147,1935,NOV,1935-11-01,4.4
1149,1140,1935,DEC,1935-12-01,-5.2
1150,1154,1936,JAN,1936-01-01,-5.3
1151,1153,1936,FEB,1936-02-01,-8.1
1152,1157,1936,MAR,1936-03-01,1.4
1153,1150,1936,APR,1936-04-01,4.3
1154,1158,1936,MAY,1936-05-01,14.9
1155,1156,1936,JUN,1936-06-01,18.3
1156,1155,1936,JUL,1936-07-01,22.9
1157,1151,1936,AUG,1936-08-01,20.6
1158,1161,1936,SEP,1936-09-01,17.1
1159,1160,1936,OCT,1936-10-01,9.5
1160,1159,1936,NOV,1936-11-01,1.4
1161,1152,1936,DEC,1936-12-01,-0.3
1162,1166,1937,JAN,1937-01-01,-0.5
1163,1165,1937,FEB,1937-02-01,-2.2
1164,1169,1937,MAR,1937-03-01,-1.9
1165,1162,1937,APR,1937-04-01,6.3
1166,1170,1937,MAY,1937-05-01,13.7
1167,1168,1937,JUN,1937-06-01,18.9
1168,1167,1937,JUL,1937-07-01,21.9
1169,1163,1937,AUG,1937-08-01,22.6
1170,1173,1937,SEP,1937-09-01,15.7
1171,1172,1937,OCT,1937-10-01,8.7
1172,1171,1937,NOV,1937-11-01,3.5
1173,1164,1937,DEC,1937-12-01,-3.45
1174,1178,1938,JAN,1938-01-01,-6.300000000000001
1175,1177,1938,FEB,1938-02-01,-3.2
1176,1181,1938,MAR,1938-03-01,1.8
1177,1174,1938,APR,1938-04-01,7.8
1178,1182,1938,MAY,1938-05-01,12.5
1179,1180,1938,JUN,1938-06-01,18.05
1180,1179,1938,JUL,1938-07-01,22.0
1181,1175,1938,AUG,1938-08-01,22.75
1182,1185,1938,SEP,1938-09-01,14.6
1183,1184,1938,OCT,1938-10-01,10.55
1184,1183,1938,NOV,1938-11-01,4.15
1185,1176,1938,DEC,1938-12-01,-1.55
1186,1190,1939,JAN,1939-01-01,-5.65
1187,1189,1939,FEB,1939-02-01,-4.9
1188,1193,1939,MAR,1939-03-01,-2.7
1189,1186,1939,APR,1939-04-01,4.449999999999999
1190,1194,1939,MAY,1939-05-01,14.15
1191,1192,1939,JUN,1939-06-01,18.35
1192,1191,1939,JUL,1939-07-01,21.549999999999997
1193,1187,1939,AUG,1939-08-01,22.049999999999997
1194,1197,1939,SEP,1939-09-01,16.6
1195,1196,1939,OCT,1939-10-01,10.2
1196,1195,1939,NOV,1939-11-01,2.8
1197,1188,1939,DEC,1939-12-01,-0.3
1198,1202,1940,JAN,1940-01-01,-8.45
1199,1201,1940,FEB,1940-02-01,-5.2
1200,1205,1940,MAR,1940-03-01,-4.2
1201,1198,1940,APR,1940-04-01,4.699999999999999
1202,1206,1940,MAY,1940-05-01,12.0
1203,1204,1940,JUN,1940-06-01,17.0
1204,1203,1940,JUL,1940-07-01,21.05
1205,1199,1940,AUG,1940-08-01,20.0
1206,1209,1940,SEP,1940-09-01,15.7
1207,1208,1940,OCT,1940-10-01,8.15
1208,1207,1940,NOV,1940-11-01,2.8
1209,1200,1940,DEC,1940-12-01,-2.4
1210,1214,1941,JAN,1941-01-01,-6.1
1211,1213,1941,FEB,1941-02-01,-5.35
1212,1217,1941,MAR,1941-03-01,-3.25
1213,1210,1941,APR,1941-04-01,9.8
1214,1218,1941,MAY,1941-05-01,14.350000000000001
1215,1216,1941,JUN,1941-06-01,19.9
1216,1215,1941,JUL,1941-07-01,21.9
1217,1211,1941,AUG,1941-08-01,19.8
1218,1221,1941,SEP,1941-09-01,17.15
1219,1220,1941,OCT,1941-10-01,10.55
1220,1219,1941,NOV,1941-11-01,5.2
1221,1212,1941,DEC,1941-12-01,-0.65
1222,1226,1942,JAN,1942-01-01,-4.75
1223,1225,1942,FEB,1942-02-01,-6.95
1224,1229,1942,MAR,1942-03-01,1.9
1225,1222,1942,APR,1942-04-01,9.4
1226,1230,1942,MAY,1942-05-01,13.25
1227,1228,1942,JUN,1942-06-01,18.4
1228,1227,1942,JUL,1942-07-01,20.75
1229,1223,1942,AUG,1942-08-01,20.2
1230,1233,1942,SEP,1942-09-01,15.75
1231,1232,1942,OCT,1942-10-01,10.15
1232,1231,1942,NOV,1942-11-01,3.6
1233,1224,1942,DEC,1942-12-01,-4.8
1234,1238,1943,JAN,1943-01-01,-8.0
1235,1237,1943,FEB,1943-02-01,-4.35
1236,1241,1943,MAR,1943-03-01,-2.1
1237,1234,1943,APR,1943-04-01,3.4
1238,1242,1943,MAY,1943-05-01,12.45
1239,1240,1943,JUN,1943-06-01,20.450000000000003
1240,1239,1943,JUL,1943-07-01,21.45
1241,1235,1943,AUG,1943-08-01,20.2
1242,1245,1943,SEP,1943-09-01,15.05
1243,1244,1943,OCT,1943-10-01,8.850000000000001
1244,1243,1943,NOV,1943-11-01,2.5999999999999996
1245,1236,1943,DEC,1943-12-01,-3.8499999999999996
1246,1250,1944,JAN,1944-01-01,-1.9000000000000001
1247,1249,1944,FEB,1944-02-01,-4.85
1248,1253,1944,MAR,1944-03-01,-2.75
1249,1246,1944,APR,1944-04-01,4.55
1250,1254,1944,MAY,1944-05-01,15.399999999999999
1251,1252,1944,JUN,1944-06-01,18.85
1252,1251,1944,JUL,1944-07-01,21.5
1253,1247,1944,AUG,1944-08-01,21.8
1254,1257,1944,SEP,1944-09-01,16.3
1255,1256,1944,OCT,1944-10-01,9.600000000000001
1256,1255,1944,NOV,1944-11-01,3.9
1257,1248,1944,DEC,1944-12-01,-4.55
1258,1262,1945,JAN,1945-01-01,-10.65
1259,1261,1945,FEB,1945-02-01,-4.7
1260,1265,1945,MAR,1945-03-01,5.65
1261,1258,1945,APR,1945-04-01,8.2
1262,1266,1945,MAY,1945-05-01,9.850000000000001
1263,1264,1945,JUN,1945-06-01,17.049999999999997
1264,1263,1945,JUL,1945-07-01,20.15
1265,1259,1945,AUG,1945-08-01,20.45
1266,1269,1945,SEP,1945-09-01,16.35
1267,1268,1945,OCT,1945-10-01,8.8
1268,1267,1945,NOV,1945-11-01,3.85
1269,1260,1945,DEC,1945-12-01,-5.15
1270,1274,1946,JAN,1946-01-01,-4.35
1271,1273,1946,FEB,1946-02-01,-6.050000000000001
1272,1277,1946,MAR,1946-03-01,5.65
1273,1270,1946,APR,1946-04-01,6.55
1274,1278,1946,MAY,1946-05-01,12.05
1275,1276,1946,JUN,1946-06-01,17.700000000000003
1276,1275,1946,JUL,1946-07-01,20.85
1277,1271,1946,AUG,1946-08-01,18.6
1278,1281,1946,SEP,1946-09-01,16.75
1279,1280,1946,OCT,1946-10-01,12.0
1280,1279,1946,NOV,1946-11-01,5.300000000000001
1281,1272,1946,DEC,1946-12-01,-2.05
1282,1286,1947,JAN,1947-01-01,-3.8
1283,1285,1947,FEB,1947-02-01,-6.300000000000001
1284,1289,1947,MAR,1947-03-01,-1.4000000000000001
1285,1282,1947,APR,1947-04-01,5.449999999999999
1286,1290,1947,MAY,1947-05-01,11.0
1287,1288,1947,JUN,1947-06-01,17.799999999999997
1288,1287,1947,JUL,1947-07-01,20.700000000000003
1289,1283,1947,AUG,1947-08-01,22.75
1290,1293,1947,SEP,1947-09-01,16.95
1291,1292,1947,OCT,1947-10-01,14.05
1292,1291,1947,NOV,1947-11-01,2.95
1293,1284,1947,DEC,1947-12-01,-3.65
1294,1298,1948,JAN,1948-01-01,-8.5
1295,1297,1948,FEB,1948-02-01,-6.4
1296,1301,1948,MAR,1948-03-01,-1.0
1297,1294,1948,APR,1948-04-01,8.05
1298,1302,1948,MAY,1948-05-01,11.55
1299,1300,1948,JUN,1948-06-01,18.35
1300,1299,1948,JUL,1948-07-01,21.5
1301,1295,1948,AUG,1948-08-01,21.299999999999997
1302,1305,1948,SEP,1948-09-01,18.45
1303,1304,1948,OCT,1948-10-01,8.9
1304,1303,1948,NOV,1948-11-01,6.9
1305,1296,1948,DEC,1948-12-01,-1.05
1306,1310,1949,JAN,1949-01-01,-2.25
1307,1309,1949,FEB,1949-02-01,-2.5
1308,1313,1949,MAR,1949-03-01,-0.6499999999999999
1309,1306,1949,APR,1949-04-01,7.2
1310,1314,1949,MAY,1949-05-01,14.3
1311,1312,1949,JUN,1949-06-01,22.049999999999997
1312,1311,1949,JUL,1949-07-01,22.950000000000003
1313,1307,1949,AUG,1949-08-01,22.4
1314,1317,1949,SEP,1949-09-01,14.7
1315,1316,1949,OCT,1949-10-01,12.45
1316,1315,1949,NOV,1949-11-01,2.2
1317,1308,1949,DEC,1949-12-01,-0.65
1318,1322,1950,JAN,1950-01-01,-0.9500000000000001
1319,1321,1950,FEB,1950-02-01,-5.6
1320,1325,1950,MAR,1950-03-01,-3.2
1321,1318,1950,APR,1950-04-01,4.0
1322,1326,1950,MAY,1950-05-01,12.75
1323,1324,1950,JUN,1950-06-01,18.0
1324,1323,1950,JUL,1950-07-01,20.35
1325,1319,1950,AUG,1950-08-01,19.799999999999997
1326,1329,1950,SEP,1950-09-01,14.85
1327,1328,1950,OCT,1950-10-01,11.649999999999999
1328,1327,1950,NOV,1950-11-01,2.95
1329,1320,1950,DEC,1950-12-01,-2.7
1330,1334,1951,JAN,1951-01-01,-3.45
1331,1333,1951,FEB,1951-02-01,-3.45
1332,1337,1951,MAR,1951-03-01,1.05
1333,1330,1951,APR,1951-04-01,6.949999999999999
1334,1338,1951,MAY,1951-05-01,14.25
1335,1336,1951,JUN,1951-06-01,18.2
1336,1335,1951,JUL,1951-07-01,21.45
1337,1331,1951,AUG,1951-08-01,20.0
1338,1341,1951,SEP,1951-09-01,16.1
1339,1340,1951,OCT,1951-10-01,10.65
1340,1339,1951,NOV,1951-11-01,0.95
1341,1332,1951,DEC,1951-12-01,-2.6
1342,1346,1952,JAN,1952-01-01,-3.6500000000000004
1343,1345,1952,FEB,1952-02-01,-2.75
1344,1349,1952,MAR,1952-03-01,-0.45000000000000007
1345,1342,1952,APR,1952-04-01,9.100000000000001
1346,1350,1952,MAY,1952-05-01,12.1
1347,1348,1952,JUN,1952-06-01,19.4
1348,1347,1952,JUL,1952-07-01,23.15
1349,1343,1952,AUG,1952-08-01,20.3
1350,1353,1952,SEP,1952-09-01,17.55
1351,1352,1952,OCT,1952-10-01,7.7
1352,1351,1952,NOV,1952-11-01,5.15
1353,1344,1952,DEC,1952-12-01,0.4
1354,1358,1953,JAN,1953-01-01,-2.1
1355,1357,1953,FEB,1953-02-01,-1.6
1356,1361,1953,MAR,1953-03-01,1.85
1357,1354,1953,APR,1953-04-01,6.35
1358,1362,1953,MAY,1953-05-01,13.4
1359,1360,1953,JUN,1953-06-01,19.05
1360,1359,1953,JUL,1953-07-01,21.75
1361,1355,1953,AUG,1953-08-01,21.3
1362,1365,1953,SEP,1953-09-01,16.7
1363,1364,1953,OCT,1953-10-01,11.25
1364,1363,1953,NOV,1953-11-01,6.1
1365,1356,1953,DEC,1953-12-01,0.25000000000000006
1366,1370,1954,JAN,1954-01-01,-7.0
1367,1369,1954,FEB,1954-02-01,-0.7
1368,1373,1954,MAR,1954-03-01,-0.6
1369,1366,1954,APR,1954-04-01,7.45
1370,1374,1954,MAY,1954-05-01,11.9
1371,1372,1954,JUN,1954-06-01,19.6
1372,1371,1954,JUL,1954-07-01,20.8
1373,1367,1954,AUG,1954-08-01,19.65
1374,1377,1954,SEP,1954-09-01,16.0
1375,1376,1954,OCT,1954-10-01,11.5
1376,1375,1954,NOV,1954-11-01,4.65
1377,1368,1954,DEC,1954-12-01,-2.6
1378,1382,1955,JAN,1955-01-01,-4.85
1379,1381,1955,FEB,1955-02-01,-4.15
1380,1385,1955,MAR,1955-03-01,-0.45000000000000007
1381,1378,1955,APR,1955-04-01,10.0
1382,1386,1955,MAY,1955-05-01,15.05
1383,1384,1955,JUN,1955-06-01,19.6
1384,1383,1955,JUL,1955-07-01,24.4
1385,1379,1955,AUG,1955-08-01,23.25
1386,1389,1955,SEP,1955-09-01,16.35
1387,1388,1955,OCT,1955-10-01,11.6
1388,1387,1955,NOV,1955-11-01,3.05
1389,1380,1955,DEC,1955-12-01,-4.65
1390,1394,1956,JAN,1956-01-01,-4.8
1391,1393,1956,FEB,1956-02-01,-3.35
1392,1397,1956,MAR,1956-03-01,-1.7
1393,1390,1956,APR,1956-04-01,4.95
1394,1398,1956,MAY,1956-05-01,10.6
1395,1396,1956,JUN,1956-06-01,18.7
1396,1395,1956,JUL,1956-07-01,19.9
1397,1391,1956,AUG,1956-08-01,19.85
1398,1401,1956,SEP,1956-09-01,13.75
1399,1400,1956,OCT,1956-10-01,11.35
1400,1399,1956,NOV,1956-11-01,4.55
1401,1392,1956,DEC,1956-12-01,-0.5499999999999999
1402,1406,1957,JAN,1957-01-01,-7.5
1403,1405,1957,FEB,1957-02-01,-2.7
1404,1409,1957,MAR,1957-03-01,1.5
1405,1402,1957,APR,1957-04-01,8.15
1406,1410,1957,MAY,1957-05-01,12.2
1407,1408,1957,JUN,1957-06-01,19.6
1408,1407,1957,JUL,1957-07-01,21.3
1409,1403,1957,AUG,1957-08-01,19.7
1410,1413,1957,SEP,1957-09-01,16.35
1411,1412,1957,OCT,1957-10-01,9.65
1412,1411,1957,NOV,1957-11-01,4.85
1413,1404,1957,DEC,1957-12-01,0.5
1414,1418,1958,JAN,1958-01-01,-4.449999999999999
1415,1417,1958,FEB,1958-02-01,-6.95
1416,1421,1958,MAR,1958-03-01,2.0
1417,1414,1958,APR,1958-04-01,8.6
1418,1422,1958,MAY,1958-05-01,12.35
1419,1420,1958,JUN,1958-06-01,16.25
1420,1419,1958,JUL,1958-07-01,21.4
1421,1415,1958,AUG,1958-08-01,20.5
1422,1425,1958,SEP,1958-09-01,16.85
1423,1424,1958,OCT,1958-10-01,10.25
1424,1423,1958,NOV,1958-11-01,4.699999999999999
1425,1416,1958,DEC,1958-12-01,-6.1
1426,1430,1959,JAN,1959-01-01,-6.5
1427,1429,1959,FEB,1959-02-01,-6.65
1428,1433,1959,MAR,1959-03-01,-1.3
1429,1426,1959,APR,1959-04-01,7.6
1430,1434,1959,MAY,1959-05-01,14.35
1431,1432,1959,JUN,1959-06-01,20.1
1432,1431,1959,JUL,1959-07-01,22.6
1433,1427,1959,AUG,1959-08-01,24.0
1434,1437,1959,SEP,1959-09-01,19.0
1435,1436,1959,OCT,1959-10-01,10.05
1436,1435,1959,NOV,1959-11-01,2.55
1437,1428,1959,DEC,1959-12-01,-0.7999999999999999
1438,1442,1960,JAN,1960-01-01,-4.3
1439,1441,1960,FEB,1960-02-01,-3.6500000000000004
1440,1445,1960,MAR,1960-03-01,-4.9
1441,1438,1960,APR,1960-04-01,7.75
1442,1446,1960,MAY,1960-05-01,13.75
1443,1444,1960,JUN,1960-06-01,18.4
1444,1443,1960,JUL,1960-07-01,20.6
1445,1439,1960,AUG,1960-08-01,20.75
1446,1449,1960,SEP,1960-09-01,18.1
1447,1448,1960,OCT,1960-10-01,10.45
1448,1447,1960,NOV,1960-11-01,6.05
1449,1440,1960,DEC,1960-12-01,-4.65
1450,1454,1961,JAN,1961-01-01,-7.25
1451,1453,1961,FEB,1961-02-01,-2.1
1452,1457,1961,MAR,1961-03-01,0.65
1453,1450,1961,APR,1961-04-01,5.0
1454,1458,1961,MAY,1961-05-01,12.05
1455,1456,1961,JUN,1961-06-01,18.05
1456,1455,1961,JUL,1961-07-01,21.5
1457,1451,1961,AUG,1961-08-01,21.0
1458,1461,1961,SEP,1961-09-01,19.85
1459,1460,1961,OCT,1961-10-01,12.5
1460,1459,1961,NOV,1961-11-01,4.0
1461,1452,1961,DEC,1961-12-01,-1.85
1462,1466,1962,JAN,1962-01-01,-6.35
1463,1465,1962,FEB,1962-02-01,-7.15
1464,1469,1962,MAR,1962-03-01,0.49999999999999994
1465,1462,1962,APR,1962-04-01,7.4
1466,1470,1962,MAY,1962-05-01,16.15
1467,1468,1962,JUN,1962-06-01,19.15
1468,1467,1962,JUL,1962-07-01,20.200000000000003
1469,1463,1962,AUG,1962-08-01,20.85
1470,1473,1962,SEP,1962-09-01,15.1
1471,1472,1962,OCT,1962-10-01,10.850000000000001
1472,1471,1962,NOV,1962-11-01,3.25
1473,1464,1962,DEC,1962-12-01,-3.6
1474,1478,1963,JAN,1963-01-01,-7.75
1475,1477,1963,FEB,1963-02-01,-8.45
1476,1481,1963,MAR,1963-03-01,1.4
1477,1474,1963,APR,1963-04-01,7.45
1478,1482,1963,MAY,1963-05-01,12.3
1479,1480,1963,JUN,1963-06-01,19.5
1480,1479,1963,JUL,1963-07-01,21.85
1481,1475,1963,AUG,1963-08-01,19.25
1482,1485,1963,SEP,1963-09-01,14.5
1483,1484,1963,OCT,1963-10-01,14.1
1484,1483,1963,NOV,1963-11-01,6.75
1485,1476,1963,DEC,1963-12-01,-6.4
1486,1490,1964,JAN,1964-01-01,-2.9
1487,1489,1964,FEB,1964-02-01,-4.65
1488,1493,1964,MAR,1964-03-01,-0.050000000000000044
1489,1486,1964,APR,1964-04-01,6.4
1490,1494,1964,MAY,1964-05-01,14.7
1491,1492,1964,JUN,1964-06-01,17.75
1492,1491,1964,JUL,1964-07-01,22.05
1493,1487,1964,AUG,1964-08-01,17.700000000000003
1494,1497,1964,SEP,1964-09-01,15.25
1495,1496,1964,OCT,1964-10-01,8.8
1496,1495,1964,NOV,1964-11-01,4.8
1497,1488,1964,DEC,1964-12-01,-2.2
1498,1502,1965,JAN,1965-01-01,-6.0
1499,1501,1965,FEB,1965-02-01,-5.050000000000001
1500,1505,1965,MAR,1965-03-01,-2.15
1501,1498,1965,APR,1965-04-01,4.4
1502,1506,1965,MAY,1965-05-01,14.3
1503,1504,1965,JUN,1965-06-01,17.5
1504,1503,1965,JUL,1965-07-01,18.450000000000003
1505,1499,1965,AUG,1965-08-01,19.0
1506,1509,1965,SEP,1965-09-01,16.049999999999997
1507,1508,1965,OCT,1965-10-01,8.3
1508,1507,1965,NOV,1965-11-01,3.6
1509,1500,1965,DEC,1965-12-01,0.30000000000000004
1510,1514,1966,JAN,1966-01-01,-7.05
1511,1513,1966,FEB,1966-02-01,-4.15
1512,1517,1966,MAR,1966-03-01,1.4
1513,1510,1966,APR,1966-04-01,5.5
1514,1518,1966,MAY,1966-05-01,10.2
1515,1516,1966,JUN,1966-06-01,18.950000000000003
1516,1515,1966,JUL,1966-07-01,22.25
1517,1511,1966,AUG,1966-08-01,20.2
1518,1521,1966,SEP,1966-09-01,14.95
1519,1520,1966,OCT,1966-10-01,9.100000000000001
1520,1519,1966,NOV,1966-11-01,4.75
1521,1512,1966,DEC,1966-12-01,-2.45
1522,1526,1967,JAN,1967-01-01,-2.25
1523,1525,1967,FEB,1967-02-01,-7.6499999999999995
1524,1529,1967,MAR,1967-03-01,-1.55
1525,1522,1967,APR,1967-04-01,6.699999999999999
1526,1530,1967,MAY,1967-05-01,9.35
1527,1528,1967,JUN,1967-06-01,20.1
1528,1527,1967,JUL,1967-07-01,19.9
1529,1523,1967,AUG,1967-08-01,18.9
1530,1533,1967,SEP,1967-09-01,15.15
1531,1532,1967,OCT,1967-10-01,9.65
1532,1531,1967,NOV,1967-11-01,1.9500000000000002
1533,1524,1967,DEC,1967-12-01,-1.0
1534,1538,1968,JAN,1968-01-01,-7.5
1535,1537,1968,FEB,1968-02-01,-6.75
1536,1541,1968,MAR,1968-03-01,1.2
1537,1534,1968,APR,1968-04-01,8.45
1538,1542,1968,MAY,1968-05-01,10.6
1539,1540,1968,JUN,1968-06-01,17.25
1540,1539,1968,JUL,1968-07-01,20.5
1541,1535,1968,AUG,1968-08-01,19.799999999999997
1542,1545,1968,SEP,1968-09-01,17.65
1543,1544,1968,OCT,1968-10-01,11.149999999999999
1544,1543,1968,NOV,1968-11-01,3.45
1545,1536,1968,DEC,1968-12-01,-3.9
1546,1550,1969,JAN,1969-01-01,-5.3
1547,1549,1969,FEB,1969-02-01,-3.8499999999999996
1548,1553,1969,MAR,1969-03-01,-1.0
1549,1546,1969,APR,1969-04-01,7.6
1550,1554,1969,MAY,1969-05-01,12.149999999999999
1551,1552,1969,JUN,1969-06-01,16.7
1552,1551,1969,JUL,1969-07-01,21.15
1553,1547,1969,AUG,1969-08-01,21.95
1554,1557,1969,SEP,1969-09-01,16.7
1555,1556,1969,OCT,1969-10-01,9.45
1556,1555,1969,NOV,1969-11-01,4.05
1557,1548,1969,DEC,1969-12-01,-4.85
1558,1562,1970,JAN,1970-01-01,-9.15
1559,1561,1970,FEB,1970-02-01,-5.55
1560,1565,1970,MAR,1970-03-01,-1.2999999999999998
1561,1558,1970,APR,1970-04-01,7.5
1562,1566,1970,MAY,1970-05-01,12.8
1563,1564,1970,JUN,1970-06-01,18.35
1564,1563,1970,JUL,1970-07-01,21.55
1565,1559,1970,AUG,1970-08-01,20.95
1566,1569,1970,SEP,1970-09-01,16.55
1567,1568,1970,OCT,1970-10-01,11.2
1568,1567,1970,NOV,1970-11-01,5.199999999999999
1569,1560,1970,DEC,1970-12-01,-4.1
1570,1574,1971,JAN,1971-01-01,-8.0
1571,1573,1971,FEB,1971-02-01,-4.0
1572,1577,1971,MAR,1971-03-01,-2.1
1573,1570,1971,APR,1971-04-01,5.4
1574,1578,1971,MAY,1971-05-01,12.55
1575,1576,1971,JUN,1971-06-01,18.799999999999997
1576,1575,1971,JUL,1971-07-01,20.2
1577,1571,1971,AUG,1971-08-01,19.8
1578,1581,1971,SEP,1971-09-01,18.049999999999997
1579,1580,1971,OCT,1971-10-01,13.55
1580,1579,1971,NOV,1971-11-01,3.5
1581,1572,1971,DEC,1971-12-01,-0.25
1582,1586,1972,JAN,1972-01-01,-4.75
1583,1585,1972,FEB,1972-02-01,-6.4
1584,1589,1972,MAR,1972-03-01,-3.05
1585,1582,1972,APR,1972-04-01,4.05
1586,1590,1972,MAY,1972-05-01,14.15
1587,1588,1972,JUN,1972-06-01,16.55
1588,1587,1972,JUL,1972-07-01,21.05
1589,1583,1972,AUG,1972-08-01,19.55
1590,1593,1972,SEP,1972-09-01,16.65
1591,1592,1972,OCT,1972-10-01,7.550000000000001
1592,1591,1972,NOV,1972-11-01,2.2
1593,1584,1972,DEC,1972-12-01,-1.9
1594,1598,1973,JAN,1973-01-01,-3.25
1595,1597,1973,FEB,1973-02-01,-6.25
1596,1601,1973,MAR,1973-03-01,4.050000000000001
1597,1594,1973,APR,1973-04-01,7.15
1598,1602,1973,MAY,1973-05-01,11.45
1599,1600,1973,JUN,1973-06-01,19.2
1600,1599,1973,JUL,1973-07-01,21.85
1601,1595,1973,AUG,1973-08-01,22.799999999999997
1602,1605,1973,SEP,1973-09-01,16.799999999999997
1603,1604,1973,OCT,1973-10-01,11.7
1604,1603,1973,NOV,1973-11-01,4.55
1605,1596,1973,DEC,1973-12-01,-3.2
1606,1610,1974,JAN,1974-01-01,-4.45
1607,1609,1974,FEB,1974-02-01,-6.7
1608,1613,1974,MAR,1974-03-01,-0.25
1609,1606,1974,APR,1974-04-01,7.9
1610,1614,1974,MAY,1974-05-01,10.850000000000001
1611,1612,1974,JUN,1974-06-01,17.4
1612,1611,1974,JUL,1974-07-01,21.35
1613,1607,1974,AUG,1974-08-01,20.9
1614,1617,1974,SEP,1974-09-01,14.850000000000001
1615,1616,1974,OCT,1974-10-01,8.1
1616,1615,1974,NOV,1974-11-01,4.05
1617,1608,1974,DEC,1974-12-01,0.0
1618,1622,1975,JAN,1975-01-01,-2.2
1619,1621,1975,FEB,1975-02-01,-2.85
1620,1625,1975,MAR,1975-03-01,-1.55
1621,1618,1975,APR,1975-04-01,3.6
1622,1626,1975,MAY,1975-05-01,16.25
1623,1624,1975,JUN,1975-06-01,19.1
1624,1623,1975,JUL,1975-07-01,22.450000000000003
1625,1619,1975,AUG,1975-08-01,20.85
1626,1629,1975,SEP,1975-09-01,14.25
1627,1628,1975,OCT,1975-10-01,10.7
1628,1627,1975,NOV,1975-11-01,7.45
1629,1620,1975,DEC,1975-12-01,-3.6
1630,1634,1976,JAN,1976-01-01,-8.25
1631,1633,1976,FEB,1976-02-01,-1.45
1632,1637,1976,MAR,1976-03-01,1.1
1633,1630,1976,APR,1976-04-01,8.5
1634,1638,1976,MAY,1976-05-01,11.5
1635,1636,1976,JUN,1976-06-01,19.75
1636,1635,1976,JUL,1976-07-01,19.6
1637,1631,1976,AUG,1976-08-01,19.65
1638,1641,1976,SEP,1976-09-01,15.45
1639,1640,1976,OCT,1976-10-01,7.25
1640,1639,1976,NOV,1976-11-01,1.2000000000000002
1641,1632,1976,DEC,1976-12-01,-6.25
1642,1646,1977,JAN,1977-01-01,-10.399999999999999
1643,1645,1977,FEB,1977-02-01,-4.9
1644,1649,1977,MAR,1977-03-01,3.15
1645,1642,1977,APR,1977-04-01,8.15
1646,1650,1977,MAY,1977-05-01,15.5
1647,1648,1977,JUN,1977-06-01,17.65
1648,1647,1977,JUL,1977-07-01,21.4
1649,1643,1977,AUG,1977-08-01,19.2
1650,1653,1977,SEP,1977-09-01,16.15
1651,1652,1977,OCT,1977-10-01,9.15
1652,1651,1977,NOV,1977-11-01,4.95
1653,1644,1977,DEC,1977-12-01,-3.25
1654,1658,1978,JAN,1978-01-01,-7.65
1655,1657,1978,FEB,1978-02-01,-8.35
1656,1661,1978,MAR,1978-03-01,-2.6
1657,1654,1978,APR,1978-04-01,4.95
1658,1662,1978,MAY,1978-05-01,13.8
1659,1660,1978,JUN,1978-06-01,17.6
1660,1659,1978,JUL,1978-07-01,20.95
1661,1655,1978,AUG,1978-08-01,20.4
1662,1665,1978,SEP,1978-09-01,15.55
1663,1664,1978,OCT,1978-10-01,9.149999999999999
1664,1663,1978,NOV,1978-11-01,3.8
1665,1656,1978,DEC,1978-12-01,-1.8499999999999999
1666,1670,1979,JAN,1979-01-01,-6.85
1667,1669,1979,FEB,1979-02-01,-9.8
1668,1673,1979,MAR,1979-03-01,2.25
1669,1666,1979,APR,1979-04-01,5.949999999999999
1670,1674,1979,MAY,1979-05-01,12.05
1671,1672,1979,JUN,1979-06-01,17.75
1672,1671,1979,JUL,1979-07-01,21.2
1673,1667,1979,AUG,1979-08-01,19.25
1674,1677,1979,SEP,1979-09-01,15.8
1675,1676,1979,OCT,1979-10-01,9.0
1676,1675,1979,NOV,1979-11-01,4.550000000000001
1677,1668,1979,DEC,1979-12-01,-0.4
1678,1682,1980,JAN,1980-01-01,-4.35
1679,1681,1980,FEB,1980-02-01,-6.75
1680,1685,1980,MAR,1980-03-01,-1.05
1681,1678,1980,APR,1980-04-01,7.0
1682,1686,1980,MAY,1980-05-01,14.65
1683,1684,1980,JUN,1980-06-01,15.65
1684,1683,1980,JUL,1980-07-01,21.15
1685,1679,1980,AUG,1980-08-01,21.9
1686,1689,1980,SEP,1980-09-01,15.95
1687,1688,1980,OCT,1980-10-01,7.8
1688,1687,1980,NOV,1980-11-01,2.8
1689,1680,1980,DEC,1980-12-01,-5.449999999999999
1690,1694,1981,JAN,1981-01-01,-9.05
1691,1693,1981,FEB,1981-02-01,-1.25
1692,1697,1981,MAR,1981-03-01,0.95
1693,1690,1981,APR,1981-04-01,7.95
1694,1698,1981,MAY,1981-05-01,12.55
1695,1696,1981,JUN,1981-06-01,18.1
1696,1695,1981,JUL,1981-07-01,21.4
1697,1691,1981,AUG,1981-08-01,20.1
1698,1701,1981,SEP,1981-09-01,15.200000000000001
1699,1700,1981,OCT,1981-10-01,7.4
1700,1699,1981,NOV,1981-11-01,4.25
1701,1692,1981,DEC,1981-12-01,-2.0
1702,1706,1982,JAN,1982-01-01,-8.95
1703,1705,1982,FEB,1982-02-01,-6.15
1704,1709,1982,MAR,1982-03-01,-0.9
1705,1702,1982,APR,1982-04-01,5.300000000000001
1706,1710,1982,MAY,1982-05-01,14.75
1707,1708,1982,JUN,1982-06-01,15.9
1708,1707,1982,JUL,1982-07-01,21.549999999999997
1709,1703,1982,AUG,1982-08-01,18.05
1710,1713,1982,SEP,1982-09-01,15.450000000000001
1711,1712,1982,OCT,1982-10-01,10.5
1712,1711,1982,NOV,1982-11-01,4.75
1713,1704,1982,DEC,1982-12-01,1.5
1714,1718,1983,JAN,1983-01-01,-3.1999999999999997
1715,1717,1983,FEB,1983-02-01,-2.3
1716,1721,1983,MAR,1983-03-01,1.4000000000000001
1717,1714,1983,APR,1983-04-01,6.2
1718,1722,1983,MAY,1983-05-01,10.7
1719,1720,1983,JUN,1983-06-01,19.15
1720,1719,1983,JUL,1983-07-01,22.85
1721,1715,1983,AUG,1983-08-01,21.75
1722,1725,1983,SEP,1983-09-01,17.45
1723,1724,1983,OCT,1983-10-01,9.9
1724,1723,1983,NOV,1983-11-01,3.9
1725,1716,1983,DEC,1983-12-01,-5.300000000000001
1726,1730,1984,JAN,1984-01-01,-8.149999999999999
1727,1729,1984,FEB,1984-02-01,-0.5
1728,1733,1984,MAR,1984-03-01,-3.5999999999999996
1729,1726,1984,APR,1984-04-01,7.699999999999999
1730,1734,1984,MAY,1984-05-01,11.0
1731,1732,1984,JUN,1984-06-01,18.95
1732,1731,1984,JUL,1984-07-01,20.5
1733,1727,1984,AUG,1984-08-01,21.700000000000003
1734,1737,1984,SEP,1984-09-01,14.75
1735,1736,1984,OCT,1984-10-01,11.15
1736,1735,1984,NOV,1984-11-01,3.75
1737,1728,1984,DEC,1984-12-01,0.75
1738,1742,1985,JAN,1985-01-01,-7.300000000000001
1739,1741,1985,FEB,1985-02-01,-4.65
1740,1745,1985,MAR,1985-03-01,1.2
1741,1738,1985,APR,1985-04-01,7.949999999999999
1742,1746,1985,MAY,1985-05-01,13.899999999999999
1743,1744,1985,JUN,1985-06-01,16.4
1744,1743,1985,JUL,1985-07-01,20.3
1745,1739,1985,AUG,1985-08-01,19.95
1746,1749,1985,SEP,1985-09-01,17.7
1747,1748,1985,OCT,1985-10-01,10.4
1748,1747,1985,NOV,1985-11-01,4.1
1749,1740,1985,DEC,1985-12-01,-3.9
1750,1754,1986,JAN,1986-01-01,-4.75
1751,1753,1986,FEB,1986-02-01,-5.25
1752,1757,1986,MAR,1986-03-01,1.3
1753,1750,1986,APR,1986-04-01,8.45
1754,1758,1986,MAY,1986-05-01,15.05
1755,1756,1986,JUN,1986-06-01,16.900000000000002
1756,1755,1986,JUL,1986-07-01,21.2
1757,1751,1986,AUG,1986-08-01,18.766666666666666
1758,1761,1986,SEP,1986-09-01,14.966666666666667
1759,1760,1986,OCT,1986-10-01,9.1
1760,1759,1986,NOV,1986-11-01,1.9666666666666668
1761,1752,1986,DEC,1986-12-01,-0.8666666666666667
1762,1766,1987,JAN,1987-01-01,-4.233333333333333
1763,1765,1987,FEB,1987-02-01,-5.333333333333333
1764,1769,1987,MAR,1987-03-01,2.2666666666666666
1765,1762,1987,APR,1987-04-01,9.233333333333334
1766,1770,1987,MAY,1987-05-01,14.9
1767,1768,1987,JUN,1987-06-01,19.7
1768,1767,1987,JUL,1987-07-01,22.733333333333334
1769,1763,1987,AUG,1987-08-01,19.866666666666667
1770,1773,1987,SEP,1987-09-01,15.766666666666666
1771,1772,1987,OCT,1987-10-01,7.333333333333333
1772,1771,1987,NOV,1987-11-01,3.5
1773,1764,1987,DEC,1987-12-01,-0.10000000000000002
1774,1778,1988,JAN,1988-01-01,-4.466666666666667
1775,1777,1988,FEB,1988-02-01,-6.266666666666667
1776,1781,1988,MAR,1988-03-01,-0.5333333333333333
1777,1774,1988,APR,1988-04-01,6.266666666666667
1778,1782,1988,MAY,1988-05-01,14.266666666666666
1779,1780,1988,JUN,1988-06-01,18.266666666666666
1780,1779,1988,JUL,1988-07-01,23.166666666666668
1781,1775,1988,AUG,1988-08-01,21.53333333333333
1782,1785,1988,SEP,1988-09-01,15.466666666666669
1783,1784,1988,OCT,1988-10-01,7.366666666666667
1784,1783,1988,NOV,1988-11-01,4.8
1785,1776,1988,DEC,1988-12-01,-2.5666666666666664
1786,1790,1989,JAN,1989-01-01,-2.0333333333333337
1787,1789,1989,FEB,1989-02-01,-6.133333333333333
1788,1793,1989,MAR,1989-03-01,-1.9000000000000001
1789,1786,1989,APR,1989-04-01,5.1000000000000005
1790,1794,1989,MAY,1989-05-01,13.266666666666666
1791,1792,1989,JUN,1989-06-01,18.666666666666668
1792,1791,1989,JUL,1989-07-01,22.0
1793,1787,1989,AUG,1989-08-01,19.933333333333334
1794,1797,1989,SEP,1989-09-01,15.866666666666665
1795,1796,1989,OCT,1989-10-01,9.966666666666667
1796,1795,1989,NOV,1989-11-01,2.2333333333333334
1797,1788,1989,DEC,1989-12-01,-9.633333333333333
1798,1802,1990,JAN,1990-01-01,-0.7333333333333334
1799,1801,1990,FEB,1990-02-01,-3.266666666666667
1800,1805,1990,MAR,1990-03-01,1.0
1801,1798,1990,APR,1990-04-01,8.6
1802,1806,1990,MAY,1990-05-01,11.933333333333332
1803,1804,1990,JUN,1990-06-01,18.833333333333332
1804,1803,1990,JUL,1990-07-01,21.266666666666666
1805,1799,1990,AUG,1990-08-01,20.7
1806,1809,1990,SEP,1990-09-01,15.700000000000001
1807,1808,1990,OCT,1990-10-01,9.700000000000001
1808,1807,1990,NOV,1990-11-01,4.833333333333333
1809,1800,1990,DEC,1990-12-01,-0.7000000000000001
1810,1814,1991,JAN,1991-01-01,-5.433333333333334
1811,1813,1991,FEB,1991-02-01,-2.1
1812,1817,1991,MAR,1991-03-01,1.7333333333333334
1813,1810,1991,APR,1991-04-01,8.766666666666667
1814,1818,1991,MAY,1991-05-01,16.5
1815,1816,1991,JUN,1991-06-01,20.46666666666667
1816,1815,1991,JUL,1991-07-01,22.066666666666666
1817,1811,1991,AUG,1991-08-01,21.633333333333336
1818,1821,1991,SEP,1991-09-01,15.533333333333333
1819,1820,1991,OCT,1991-10-01,10.6
1820,1819,1991,NOV,1991-11-01,2.8666666666666667
1821,1812,1991,DEC,1991-12-01,-2.033333333333333
1822,1826,1992,JAN,1992-01-01,-4.0
1823,1825,1992,FEB,1992-02-01,-3.6666666666666665
1824,1829,1992,MAR,1992-03-01,-0.9333333333333332
1825,1822,1992,APR,1992-04-01,5.766666666666666
1826,1830,1992,MAY,1992-05-01,12.799999999999999
1827,1828,1992,JUN,1992-06-01,16.766666666666666
1828,1827,1992,JUL,1992-07-01,18.233333333333334
1829,1823,1992,AUG,1992-08-01,18.233333333333334
1830,1833,1992,SEP,1992-09-01,15.233333333333333
1831,1832,1992,OCT,1992-10-01,7.8
1832,1831,1992,NOV,1992-11-01,3.1999999999999997
1833,1824,1992,DEC,1992-12-01,-1.2333333333333334
1834,1838,1993,JAN,1993-01-01,-3.5
1835,1837,1993,FEB,1993-02-01,-8.033333333333333
1836,1841,1993,MAR,1993-03-01,-1.5
1837,1834,1993,APR,1993-04-01,6.8999999999999995
1838,1842,1993,MAY,1993-05-01,12.700000000000001
1839,1840,1993,JUN,1993-06-01,17.566666666666666
1840,1839,1993,JUL,1993-07-01,21.96666666666667
1841,1835,1993,AUG,1993-08-01,21.566666666666666
1842,1845,1993,SEP,1993-09-01,14.133333333333333
1843,1844,1993,OCT,1993-10-01,8.233333333333333
1844,1843,1993,NOV,1993-11-01,3.3000000000000003
1845,1836,1993,DEC,1993-12-01,-2.2666666666666666
1846,1850,1994,JAN,1994-01-01,-11.966666666666667
1847,1849,1994,FEB,1994-02-01,-7.866666666666667
1848,1853,1994,MAR,1994-03-01,-0.3333333333333333
1849,1846,1994,APR,1994-04-01,7.433333333333333
1850,1854,1994,MAY,1994-05-01,12.033333333333333
1851,1852,1994,JUN,1994-06-01,19.366666666666667
1852,1851,1994,JUL,1994-07-01,21.766666666666666
1853,1847,1994,AUG,1994-08-01,19.2
1854,1857,1994,SEP,1994-09-01,16.366666666666667
1855,1856,1994,OCT,1994-10-01,10.266666666666667
1856,1855,1994,NOV,1994-11-01,5.766666666666667
1857,1848,1994,DEC,1994-12-01,0.1333333333333333
1858,1862,1995,JAN,1995-01-01,-2.8000000000000003
1859,1861,1995,FEB,1995-02-01,-7.033333333333334
1860,1865,1995,MAR,1995-03-01,2.233333333333333
1861,1858,1995,APR,1995-04-01,4.3999999999999995
1862,1866,1995,MAY,1995-05-01,13.5
1863,1864,1995,JUN,1995-06-01,20.166666666666668
1864,1863,1995,JUL,1995-07-01,22.0
1865,1859,1995,AUG,1995-08-01,22.133333333333336
1866,1869,1995,SEP,1995-09-01,14.5
1867,1868,1995,OCT,1995-10-01,11.133333333333333
1868,1867,1995,NOV,1995-11-01,1.3
1869,1860,1995,DEC,1995-12-01,-4.8
1870,1874,1996,JAN,1996-01-01,-6.266666666666667
1871,1873,1996,FEB,1996-02-01,-5.433333333333334
1872,1877,1996,MAR,1996-03-01,-2.3666666666666667
1873,1870,1996,APR,1996-04-01,4.533333333333334
1874,1878,1996,MAY,1996-05-01,11.933333333333332
1875,1876,1996,JUN,1996-06-01,18.833333333333332
1876,1875,1996,JUL,1996-07-01,20.033333333333335
1877,1871,1996,AUG,1996-08-01,21.066666666666666
1878,1881,1996,SEP,1996-09-01,16.866666666666667
1879,1880,1996,OCT,1996-10-01,9.466666666666667
1880,1879,1996,NOV,1996-11-01,1.2666666666666666
1881,1872,1996,DEC,1996-12-01,0.03333333333333336
1882,1886,1997,JAN,1997-01-01,-5.933333333333334
1883,1885,1997,FEB,1997-02-01,-2.8333333333333335
1884,1889,1997,MAR,1997-03-01,-0.9666666666666667
1885,1882,1997,APR,1997-04-01,6.2
1886,1890,1997,MAY,1997-05-01,9.799999999999999
1887,1888,1997,JUN,1997-06-01,19.96666666666667
1888,1887,1997,JUL,1997-07-01,20.866666666666667
1889,1883,1997,AUG,1997-08-01,19.133333333333333
1890,1893,1997,SEP,1997-09-01,15.9
1891,1892,1997,OCT,1997-10-01,9.6
1892,1891,1997,NOV,1997-11-01,2.6666666666666665
1893,1884,1997,DEC,1997-12-01,-0.6666666666666666
1894,1898,1998,JAN,1998-01-01,-2.1
1895,1897,1998,FEB,1998-02-01,-0.06666666666666672
1896,1901,1998,MAR,1998-03-01,2.2666666666666666
1897,1894,1998,APR,1998-04-01,8.766666666666667
1898,1902,1998,MAY,1998-05-01,17.266666666666666
1899,1900,1998,JUN,1998-06-01,19.066666666666666
1900,1899,1998,JUL,1998-07-01,21.599999999999998
1901,1895,1998,AUG,1998-08-01,21.900000000000002
1902,1905,1998,SEP,1998-09-01,18.366666666666664
1903,1904,1998,OCT,1998-10-01,11.0
1904,1903,1998,NOV,1998-11-01,5.1000000000000005
1905,1896,1998,DEC,1998-12-01,0.9333333333333332
1906,1910,1999,JAN,1999-01-01,-6.0
1907,1909,1999,FEB,1999-02-01,-1.4333333333333333
1908,1913,1999,MAR,1999-03-01,0.5
1909,1906,1999,APR,1999-04-01,8.266666666666667
1910,1914,1999,MAY,1999-05-01,15.633333333333333
1911,1912,1999,JUN,1999-06-01,20.333333333333332
1912,1911,1999,JUL,1999-07-01,23.96666666666667
1913,1907,1999,AUG,1999-08-01,20.133333333333333
1914,1917,1999,SEP,1999-09-01,17.933333333333334
1915,1916,1999,OCT,1999-10-01,9.833333333333334
1916,1915,1999,NOV,1999-11-01,5.733333333333333
1917,1908,1999,DEC,1999-12-01,-0.5666666666666668
1918,1922,2000,JAN,2000-01-01,-5.566666666666666
1919,1921,2000,FEB,2000-02-01,-2.6333333333333333
1920,1925,2000,MAR,2000-03-01,4.3999999999999995
1921,1918,2000,APR,2000-04-01,6.7
1922,1926,2000,MAY,2000-05-01,14.333333333333334
1923,1924,2000,JUN,2000-06-01,18.03333333333333
1924,1923,2000,JUL,2000-07-01,20.166666666666668
1925,1919,2000,AUG,2000-08-01,20.433333333333334
1926,1929,2000,SEP,2000-09-01,15.833333333333334
1927,1928,2000,OCT,2000-10-01,11.0
1928,1927,2000,NOV,2000-11-01,3.766666666666667
1929,1920,2000,DEC,2000-12-01,-6.766666666666666
1930,1934,2001,JAN,2001-01-01,-3.8666666666666667
1931,1933,2001,FEB,2001-02-01,-3.0999999999999996
1932,1937,2001,MAR,2001-03-01,-0.2333333333333333
1933,1930,2001,APR,2001-04-01,8.333333333333334
1934,1938,2001,MAY,2001-05-01,14.733333333333334
1935,1936,2001,JUN,2001-06-01,19.8
1936,1935,2001,JUL,2001-07-01,20.8
1937,1931,2001,AUG,2001-08-01,23.166666666666668
1938,1941,2001,SEP,2001-09-01,16.7
1939,1940,2001,OCT,2001-10-01,10.633333333333333
1940,1939,2001,NOV,2001-11-01,7.199999999999999
1941,1932,2001,DEC,2001-12-01,1.9333333333333336
1942,1946,2002,JAN,2002-01-01,-0.19999999999999998
1943,1945,2002,FEB,2002-02-01,-1.3333333333333333
1944,1949,2002,MAR,2002-03-01,0.6333333333333333
1945,1942,2002,APR,2002-04-01,7.433333333333334
1946,1950,2002,MAY,2002-05-01,11.266666666666666
1947,1948,2002,JUN,2002-06-01,19.2
1948,1947,2002,JUL,2002-07-01,24.03333333333333
1949,1943,2002,AUG,2002-08-01,22.233333333333334
1950,1953,2002,SEP,2002-09-01,20.0
1951,1952,2002,OCT,2002-10-01,9.1
1952,1951,2002,NOV,2002-11-01,3.3000000000000003
1953,1944,2002,DEC,2002-12-01,-1.7999999999999998
1954,1958,2003,JAN,2003-01-01,-7.933333333333334
1955,1957,2003,FEB,2003-02-01,-6.766666666666666
1956,1961,2003,MAR,2003-03-01,-0.5333333333333333
1957,1954,2003,APR,2003-04-01,5.633333333333333
1958,1962,2003,MAY,2003-05-01,12.5
1959,1960,2003,JUN,2003-06-01,18.466666666666665
1960,1959,2003,JUL,2003-07-01,21.5
1961,1955,2003,AUG,2003-08-01,21.85
1962,1965,2003,SEP,2003-09-01,16.55
1963,1964,2003,OCT,2003-10-01,8.75
1964,1963,2003,NOV,2003-11-01,4.4
1965,1956,2003,DEC,2003-12-01,-0.39999999999999997
1966,1970,2004,JAN,2004-01-01,-9.95
1967,1969,2004,FEB,2004-02-01,-4.3
1968,1973,2004,MAR,2004-03-01,2.05
1969,1966,2004,APR,2004-04-01,6.65
1970,1974,2004,MAY,2004-05-01,13.0
1971,1972,2004,JUN,2004-06-01,17.3
1972,1971,2004,JUL,2004-07-01,20.5
1973,1967,2004,AUG,2004-08-01,19.15
1974,1977,2004,SEP,2004-09-01,18.0
1975,1976,2004,OCT,2004-10-01,10.3
1976,1975,2004,NOV,2004-11-01,4.85
1977,1968,2004,DEC,2004-12-01,-3.25
1978,1982,2005,JAN,2005-01-01,-7.35
1979,1981,2005,FEB,2005-02-01,-4.45
1980,1985,2005,MAR,2005-03-01,-1.85
1981,1978,2005,APR,2005-04-01,7.55
1982,1986,2005,MAY,2005-05-01,11.65
1983,1984,2005,JUN,2005-06-01,22.25
1984,1983,2005,JUL,2005-07-01,23.75
1985,1979,2005,AUG,2005-08-01,22.2
1986,1989,2005,SEP,2005-09-01,18.55
1987,1988,2005,OCT,2005-10-01,10.8
1988,1987,2005,NOV,2005-11-01,4.75
1989,1980,2005,DEC,2005-12-01,-3.8
1990,1994,2006,JAN,2006-01-01,-0.4
1991,1993,2006,FEB,2006-02-01,-4.2
1992,1997,2006,MAR,2006-03-01,0.9
1993,1990,2006,APR,2006-04-01,8.05
1994,1998,2006,MAY,2006-05-01,14.05
1995,1996,2006,JUN,2006-06-01,19.5
1996,1995,2006,JUL,2006-07-01,23.15
1997,1991,2006,AUG,2006-08-01,20.9
1998,2001,2006,SEP,2006-09-01,15.399999999999999
1999,2000,2006,OCT,2006-10-01,8.5
2000,1999,2006,NOV,2006-11-01,5.1
2001,1992,2006,DEC,2006-12-01,1.6
2002,2006,2007,JAN,2007-01-01,-3.3
2003,2005,2007,FEB,2007-02-01,-8.600000000000001
2004,2009,2007,MAR,2007-03-01,0.0
2005,2002,2007,APR,2007-04-01,5.949999999999999
2006,2010,2007,MAY,2007-05-01,14.15
2007,2008,2007,JUN,2007-06-01,20.4
2008,2007,2007,JUL,2007-07-01,21.0
2009,2003,2007,AUG,2007-08-01,22.0
2010,2013,2007,SEP,2007-09-01,17.85
2011,2012,2007,OCT,2007-10-01,13.6
2012,2011,2007,NOV,2007-11-01,2.3
2013,2004,2007,DEC,2007-12-01,-2.95
2014,2018,2008,JAN,2008-01-01,-2.5
2015,2017,2008,FEB,2008-02-01,-5.55
2016,2021,2008,MAR,2008-03-01,-2.2
2017,2014,2008,APR,2008-04-01,9.25
2018,2022,2008,MAY,2008-05-01,11.7
2019,2020,2008,JUN,2008-06-01,19.5
2020,2019,2008,JUL,2008-07-01,21.45
2021,2015,2008,AUG,2008-08-01,19.6
2022,2025,2008,SEP,2008-09-01,16.549999999999997
2023,2024,2008,OCT,2008-10-01,8.65
2024,2023,2008,NOV,2008-11-01,2.5999999999999996
2025,2016,2008,DEC,2008-12-01,-3.4000000000000004
2026,2030,2009,JAN,2009-01-01,-9.4
2027,2029,2009,FEB,2009-02-01,-4.0
2028,2033,2009,MAR,2009-03-01,0.55
2029,2026,2009,APR,2009-04-01,7.55
2030,2034,2009,MAY,2009-05-01,12.95
2031,2032,2009,JUN,2009-06-01,17.35
2032,2031,2009,JUL,2009-07-01,19.0
2033,2027,2009,AUG,2009-08-01,20.4
2034,2037,2009,SEP,2009-09-01,16.5
2035,2036,2009,OCT,2009-10-01,8.35
2036,2035,2009,NOV,2009-11-01,5.65
2037,2028,2009,DEC,2009-12-01,-2.75
2038,2042,2010,JAN,2010-01-01,-5.65
2039,2041,2010,FEB,2010-02-01,-3.75
2040,2045,2010,MAR,2010-03-01,4.300000000000001
2041,2038,2010,APR,2010-04-01,10.4
2042,2046,2010,MAY,2010-05-01,15.85
2043,2044,2010,JUN,2010-06-01,19.0
2044,2043,2010,JUL,2010-07-01,23.15
2045,2039,2010,AUG,2010-08-01,21.95
2046,2049,2010,SEP,2010-09-01,16.0
2047,2048,2010,OCT,2010-10-01,9.899999999999999
2048,2047,2010,NOV,2010-11-01,4.2
2049,2040,2010,DEC,2010-12-01,-4.25
2050,2054,2011,JAN,2011-01-01,-7.4
2051,2053,2011,FEB,2011-02-01,-5.7
2052,2057,2011,MAR,2011-03-01,-0.75
2053,2050,2011,APR,2011-04-01,6.85
2054,2058,2011,MAY,2011-05-01,14.05
2055,2056,2011,JUN,2011-06-01,18.950000000000003
2056,2055,2011,JUL,2011-07-01,24.049999999999997
2057,2051,2011,AUG,2011-08-01,21.6
2058,2061,2011,SEP,2011-09-01,17.45
2059,2060,2011,OCT,2011-10-01,10.3
2060,2059,2011,NOV,2011-11-01,6.3
2061,2052,2011,DEC,2011-12-01,0.4
2062,2066,2012,JAN,2012-01-01,-2.2
2063,2065,2012,FEB,2012-02-01,-0.8
2064,2069,2012,MAR,2012-03-01,6.45
2065,2062,2012,APR,2012-04-01,7.05
2066,2070,2012,MAY,2012-05-01,16.25
2067,2068,2012,JUN,2012-06-01,20.4
2068,2067,2012,JUL,2012-07-01,23.9
2069,2063,2012,AUG,2012-08-01,21.200000000000003
2070,2073,2012,SEP,2012-09-01,16.0
2071,2072,2012,OCT,2012-10-01,10.05
2072,2071,2012,NOV,2012-11-01,3.3
2073,2064,2012,DEC,2012-12-01,1.0
2074,2078,2013,JAN,2013-01-01,-2.55
2075,2077,2013,FEB,2013-02-01,-5.1
2076,2081,2013,MAR,2013-03-01,-0.09999999999999999
2077,2074,2013,APR,2013-04-01,5.9
2078,2082,2013,MAY,2013-05-01,14.899999999999999
2079,2080,2013,JUN,2013-06-01,17.55
2080,2079,2013,JUL,2013-07-01,21.8
2081,2075,2013,AUG,2013-08-01,20.2
2082,2085,2013,SEP,2013-09-01,15.3
2083,2084,2013,OCT,2013-10-01,10.4
2084,2083,2013,NOV,2013-11-01,1.5
2085,2076,2013,DEC,2013-12-01,-5.0
2086,2090,2014,JAN,2014-01-01,-9.3
2087,2089,2014,FEB,2014-02-01,-9.2
2088,2093,2014,MAR,2014-03-01,-4.8
2089,2086,2014,APR,2014-04-01,5.9
2090,2094,2014,MAY,2014-05-01,13.9
2091,2092,2014,JUN,2014-06-01,19.3
2092,2091,2014,JUL,2014-07-01,19.6
2093,2087,2014,AUG,2014-08-01,19.5
2094,2097,2014,SEP,2014-09-01,15.9
2095,2096,2014,OCT,2014-10-01,10.4
2096,2095,2014,NOV,2014-11-01,1.7
2097,2088,2014,DEC,2014-12-01,-0.6
2098,2100,2015,JAN,2015-01-01,-8.1
2099,2099,2015,FEB,2015-02-01,-13.3
2100,2101,2015,MAR,2015-03-01,-2.5
2101,2098,2015,APR,2015-04-01,7.2
2102,2102,2015,MAY,2015-05-01,15.6
